,Index No.,Mathematics,Mathematics.1,Mathematics.2,Mathematics.3,Mathematics.4,Mathematics.5,Mathematics.6,Mathematics.7,Mathematics.8,scholarship,f_edu,m_edu,s_num,s_edu,tution,Lci_1,Lci_2,Lci_3,Lci_4,Lci_5,Lci_6,Lci_7,Lci_8,Lci_9,Lci_10,Lci_11,Lci_12,Lci_13,Lci_14,Lci_15,Lci_16,Lci_17,Lci_18,Lci_19,Lci_20
0,13698.0,B,B,A,F,S,C,S,S,S,163.0,1.0,3.0,?,0,0,4.0,4.0,5.0,6.0,4.0,3.0,3.0,6.0,5.0,5.0,5.0,5.0,6.0,6.0,5.0,3.0,5.0,3.0,6.0,4.0
1,13699.0,A,A,A,C,A,A,A,A,A,?,?,?,?,0,0,?,?,?,?,?,?,?,?,?,?,?,?,?,?,?,?,?,?,?,?
2,13705.0,A,A,B,S,A,B,C,S,C,?,?,?,?,0,0,?,?,?,?,?,?,?,?,?,?,?,?,?,?,?,?,?,?,?,?
3,13739.0,A,B,B,F,S,B,C,S,S,148.0,2.0,3.0,?,3,0,3.0,4.0,5.0,3.0,3.0,4.0,5.0,3.0,1.0,1.0,5.0,4.0,3.0,5.0,5.0,5.0,1.0,4.0,5.0,5.0
4,13742.0,A,S,B,F,S,A,B,C,B,147.0,3.0,?,?,1,111,5.0,4.0,4.0,1.0,4.0,4.0,5.0,1.0,4.0,3.0,4.0,1.0,5.0,4.0,4.0,4.0,3.0,4.0,5.0,3.0
5,13771.0,A,A,A,F,C,B,C,C,B,140.0,1.0,3.0,?,0,0,3.0,4.0,4.0,4.0,3.0,6.0,4.0,1.0,5.0,6.0,5.0,3.0,3.0,3.0,5.0,3.0,3.0,3.0,4.0,6.0
6,13788.0,A,S,S,S,S,C,S,S,S,134.0,3.0,3.0,?,3,0,3.0,3.0,4.0,1.0,6.0,5.0,3.0,2.0,4.0,3.0,3.0,5.0,6.0,5.0,5.0,?,?,?,?,?
7,13800.0,A,C,C,S,F,B,F,F,S,?,?,?,?,0,0,?,?,?,?,?,?,?,?,?,?,?,?,?,?,?,?,?,?,?,?
8,13804.0,A,B,S,S,S,S,S,F,S,?,?,?,?,0,0,?,?,?,?,?,?,?,?,?,?,?,?,?,?,?,?,?,?,?,?
9,13824.0,B,S,B,F,F,C,S,F,S,141.0,3.0,3.0,?,0,111,6.0,4.0,3.0,5.0,6.0,2.0,3.0,6.0,4.0,3.0,5.0,5.0,3.0,3.0,1.0,3.0,2.0,3.0,3.0,3.0
10,13834.0,A,B,A,B,B,B,S,C,B,159.0,3.0,?,?,0,110,4.0,3.0,5.0,3.0,6.0,3.0,5.0,5.0,5.0,3.0,5.0,3.0,3.0,3.0,5.0,3.0,5.0,3.0,5.0,5.0
11,13837.0,B,B,C,S,F,C,S,S,F,?,?,?,?,0,0,?,?,?,?,?,?,?,?,?,?,?,?,?,?,?,?,?,?,?,?
12,13843.0,B,C,B,S,S,C,S,S,F,?,?,?,?,0,0,?,?,?,?,?,?,?,?,?,?,?,?,?,?,?,?,?,?,?,?
13,13846.0,S,F,F,F,F,S,F,S,F,?,?,?,?,0,0,?,?,?,?,?,?,?,?,?,?,?,?,?,?,?,?,?,?,?,?
14,13853.0,A,A,S,B,F,S,S,S,C,?,?,?,?,0,0,?,?,?,?,?,?,?,?,?,?,?,?,?,?,?,?,?,?,?,?
15,13858.0,A,A,A,A,A,A,A,B,A,?,?,?,?,0,0,?,?,?,?,?,?,?,?,?,?,?,?,?,?,?,?,?,?,?,?
16,13861.0,A,A,A,A,A,B,A,A,A,141.0,2.0,?,?,6,0,4.0,5.0,5.0,1.0,5.0,5.0,1.0,1.0,1.0,4.0,5.0,5.0,5.0,2.0,4.0,4.0,5.0,4.0,5.0,4.0
17,13862.0,B,C,A,F,B,C,C,F,S,117.0,3.0,3.0,?,0,111,3.0,4.0,5.0,3.0,3.0,4.0,3.0,5.0,5.0,4.0,4.0,3.0,?,4.0,3.0,6.0,5.0,2.0,3.0,4.0
18,13865.0,A,S,C,F,S,A,S,S,F,?,?,?,?,0,0,?,?,?,?,?,?,?,?,?,?,?,?,?,?,?,?,?,?,?,?
19,13882.0,A,A,A,A,C,C,B,S,S,163.0,3.0,?,?,4,111,3.0,4.0,6.0,5.0,1.0,1.0,4.0,5.0,5.0,1.0,4.0,4.0,1.0,5.0,5.0,4.0,1.0,5.0,5.0,4.0
20,13890.0,A,F,F,F,F,B,S,S,S,98.0,2.0,?,?,0,111,5.0,5.0,5.0,6.0,4.0,5.0,5.0,5.0,5.0,4.0,3.0,5.0,5.0,5.0,5.0,5.0,5.0,5.0,3.0,5.0
21,14241.0,C,B,B,B,C,S,C,F,S,127.0,3.0,3.0,?,4,001,3.0,4.0,4.0,2.0,3.0,4.0,4.0,3.0,3.0,3.0,3.0,3.0,5.0,5.0,5.0,5.0,5.0,4.0,5.0,5.0
22,13884.0,B,F,C,F,F,B,F,F,F,164.0,2.0,?,?,3,111,3.0,3.0,6.0,1.0,1.0,3.0,6.0,3.0,3.0,3.0,3.0,6.0,6.0,3.0,3.0,3.0,4.0,4.0,3.0,3.0
23,13855.0,A,F,C,F,F,C,C,S,S,129.0,2.0,3.0,?,3,101,5.0,5.0,3.0,2.0,3.0,5.0,2.0,3.0,5.0,3.0,3.0,5.0,5.0,5.0,5.0,3.0,5.0,5.0,3.0,5.0
24,13844.0,B,C,C,F,S,S,C,S,S,133.0,3.0,3.0,?,1,0,3.0,4.0,3.0,3.0,3.0,4.0,3.0,3.0,4.0,3.0,3.0,3.0,3.0,3.0,1.0,3.0,4.0,3.0,3.0,4.0
25,13842.0,B,S,C,F,S,C,S,S,S,?,?,?,?,0,0,?,?,?,?,?,?,?,?,?,?,?,?,?,?,?,?,?,?,?,?
26,13841.0,S,C,B,S,S,S,S,S,C,126.0,?,?,?,0,0,3.0,3.0,2.0,4.0,4.0,3.0,6.0,3.0,5.0,3.0,6.0,5.0,3.0,3.0,3.0,4.0,4.0,3.0,3.0,6.0
27,13840.0,A,S,C,F,F,B,F,F,F,?,?,?,?,0,0,?,?,?,?,?,?,?,?,?,?,?,?,?,?,?,?,?,?,?,?
28,13816.0,A,C,B,C,S,S,F,S,B,135.0,2.0,?,?,3,101,3.0,3.0,4.0,3.0,3.0,4.0,4.0,3.0,4.0,3.0,4.0,3.0,4.0,4.0,3.0,4.0,4.0,3.0,4.0,4.0
29,13813.0,A,S,C,F,F,C,C,F,F,138.0,3.0,3.0,?,0,111,3.0,5.0,6.0,2.0,1.0,3.0,3.0,2.0,3.0,3.0,3.0,6.0,3.0,3.0,3.0,3.0,4.0,3.0,2.0,4.0
30,13811.0,A,S,F,F,F,S,F,S,B,138.0,1.0,3.0,?,2009,111,5.0,6.0,6.0,4.0,6.0,6.0,4.0,2.0,4.0,4.0,5.0,3.0,4.0,4.0,4.0,4.0,4.0,4.0,6.0,4.0
31,13795.0,A,C,B,F,S,A,C,C,C,124.0,3.0,3.0,?,2,111,4.0,4.0,3.0,6.0,3.0,3.0,5.0,2.0,1.0,5.0,3.0,2.0,4.0,5.0,3.0,3.0,5.0,5.0,3.0,3.0
32,13791.0,C,A,B,C,C,S,B,S,B,138.0,2.0,?,?,0,010,4.0,3.0,2.0,3.0,6.0,4.0,6.0,3.0,4.0,3.0,4.0,1.0,4.0,3.0,3.0,4.0,4.0,4.0,6.0,4.0
33,13781.0,A,S,B,S,F,A,C,F,F,154.0,2.0,?,?,1,111,5.0,4.0,3.0,1.0,1.0,4.0,4.0,4.0,5.0,5.0,3.0,1.0,5.0,5.0,4.0,4.0,4.0,3.0,3.0,3.0
34,13767.0,B,A,B,C,S,C,F,B,A,?,?,?,?,0,0,?,?,?,?,?,?,?,?,?,?,?,?,?,?,?,?,?,?,?,?
35,13765.0,A,C,B,S,S,S,C,S,S,?,?,?,?,0,0,?,?,?,?,?,?,?,?,?,?,?,?,?,?,?,?,?,?,?,?
36,13759.0,A,C,B,S,F,B,S,S,S,144.0,?,?,?,0,001,3.0,4.0,3.0,6.0,3.0,3.0,2.0,3.0,5.0,2.0,3.0,3.0,3.0,3.0,3.0,3.0,3.0,3.0,2.0,3.0
37,13756.0,A,A,A,B,C,C,S,B,C,144.0,3.0,?,?,3,111,5.0,5.0,2.0,2.0,4.0,4.0,2.0,2.0,5.0,2.0,3.0,2.0,4.0,4.0,2.0,2.0,4.0,4.0,2.0,2.0
38,13750.0,A,C,A,F,C,C,C,F,S,145.0,3.0,?,?,8,111,4.0,5.0,2.0,3.0,3.0,4.0,2.0,3.0,5.0,2.0,3.0,2.0,3.0,3.0,2.0,3.0,4.0,3.0,3.0,4.0
39,13737.0,C,C,B,B,S,B,S,B,B,148.0,3.0,?,?,3,0,3.0,3.0,3.0,2.0,3.0,3.0,3.0,3.0,4.0,3.0,4.0,2.0,2.0,4.0,3.0,3.0,4.0,3.0,6.0,3.0
40,13734.0,A,S,C,S,C,C,S,C,S,148.0,1.0,?,?,5,0,5.0,5.0,4.0,6.0,4.0,3.0,2.0,6.0,4.0,4.0,4.0,2.0,4.0,4.0,4.0,4.0,4.0,4.0,3.0,3.0
41,13733.0,A,B,A,S,C,A,C,C,A,149.0,3.0,1.0,?,0,111,2.0,3.0,2.0,4.0,4.0,4.0,4.0,3.0,3.0,4.0,4.0,4.0,2.0,4.0,4.0,4.0,3.0,5.0,1.0,4.0
42,13723.0,A,B,B,F,F,A,A,S,C,153.0,2.0,3.0,?,2,111,4.0,5.0,6.0,3.0,6.0,?,4.0,2.0,3.0,3.0,?,?,?,?,?,?,?,?,?,?
43,13720.0,A,B,A,B,C,B,S,A,A,153.0,?,?,?,0,001,5.0,4.0,6.0,1.0,4.0,4.0,4.0,1.0,5.0,5.0,5.0,1.0,5.0,5.0,4.0,5.0,5.0,5.0,6.0,4.0
44,13719.0,A,A,A,C,C,B,A,S,A,153.0,?,?,?,0,011,4.0,4.0,4.0,2.0,4.0,2.0,4.0,4.0,4.0,4.0,4.0,2.0,4.0,4.0,4.0,4.0,4.0,4.0,4.0,4.0
45,13712.0,A,C,B,F,S,C,F,C,C,158.0,3.0,3.0,?,3,111,3.0,6.0,4.0,1.0,5.0,5.0,3.0,1.0,4.0,3.0,4.0,4.0,2.0,5.0,4.0,4.0,5.0,5.0,1.0,4.0
46,13707.0,A,C,A,C,C,A,B,B,A,?,?,?,?,0,0,?,?,?,?,?,?,?,?,?,?,?,?,?,?,?,?,?,?,?,?
47,13702.0,A,C,S,S,C,A,C,B,B,160.0,3.0,3.0,?,0,111,4.0,3.0,4.0,4.0,5.0,3.0,2.0,4.0,3.0,6.0,5.0,4.0,1.0,5.0,5.0,5.0,3.0,2.0,2.0,5.0
48,13701.0,A,A,B,B,S,B,B,B,B,162.0,2.0,?,?,1,111,5.0,4.0,3.0,1.0,3.0,6.0,3.0,?,5.0,3.0,3.0,4.0,6.0,3.0,4.0,3.0,3.0,3.0,6.0,3.0
49,13696.0,A,A,A,A,B,B,A,B,A,?,?,?,?,0,0,?,?,?,?,?,?,?,?,?,?,?,?,?,?,?,?,?,?,?,?
50,13700.0,B,B,A,S,C,C,A,B,B,?,?,?,?,0,0,?,?,?,?,?,?,?,?,?,?,?,?,?,?,?,?,?,?,?,?
51,13708.0,A,S,B,F,S,B,A,S,S,?,?,?,?,0,0,?,?,?,?,?,?,?,?,?,?,?,?,?,?,?,?,?,?,?,?
52,13709.0,B,B,B,C,B,B,A,S,C,?,?,?,?,0,0,?,?,?,?,?,?,?,?,?,?,?,?,?,?,?,?,?,?,?,?
53,13713.0,A,A,B,S,S,A,B,C,C,158.0,2.0,3.0,?,3,0,4.0,4.0,4.0,3.0,3.0,3.0,3.0,4.0,4.0,3.0,5.0,3.0,3.0,3.0,3.0,3.0,4.0,4.0,4.0,4.0
54,13721.0,A,B,A,C,S,B,C,C,A,153.0,2.0,?,?,6,000,4.0,4.0,4.0,4.0,1.0,2.0,1.0,1.0,5.0,4.0,5.0,5.0,5.0,5.0,3.0,4.0,5.0,5.0,3.0,4.0
55,13724.0,A,A,A,B,C,B,B,A,A,?,?,?,?,0,0,?,?,?,?,?,?,?,?,?,?,?,?,?,?,?,?,?,?,?,?
56,13740.0,A,A,A,A,B,S,A,S,C,147.0,1.0,?,?,1,011,3.0,5.0,4.0,1.0,3.0,3.0,5.0,3.0,4.0,4.0,5.0,1.0,2.0,2.0,2.0,1.0,2.0,1.0,2.0,3.0
57,13741.0,A,C,B,C,S,C,A,B,C,147.0,3.0,?,?,2,111,3.0,3.0,5.0,4.0,4.0,3.0,3.0,3.0,3.0,1.0,3.0,3.0,3.0,4.0,3.0,5.0,4.0,4.0,3.0,5.0
58,13754.0,A,C,A,C,S,S,C,S,S,145.0,2.0,?,?,1,100,3.0,3.0,5.0,5.0,6.0,3.0,4.0,2.0,3.0,1.0,4.0,3.0,2.0,3.0,5.0,3.0,3.0,4.0,3.0,4.0
59,13762.0,A,A,A,S,C,F,F,B,B,143.0,?,?,?,0,111,4.0,4.0,3.0,3.0,4.0,6.0,3.0,1.0,5.0,4.0,4.0,4.0,4.0,4.0,3.0,3.0,4.0,4.0,3.0,4.0
60,13768.0,B,A,C,F,S,F,A,B,A,141.0,2.0,?,?,3,111,3.0,3.0,4.0,3.0,1.0,3.0,4.0,1.0,4.0,2.0,4.0,1.0,1.0,4.0,3.0,3.0,3.0,1.0,3.0,4.0
61,13772.0,B,S,S,F,F,F,S,F,F,140.0,2.0,4.0,?,3,111,5.0,3.0,5.0,3.0,2.0,2.0,5.0,2.0,5.0,3.0,4.0,2.0,2.0,3.0,4.0,3.0,4.0,5.0,4.0,4.0
62,13784.0,S,S,S,F,S,C,F,F,F,?,?,?,?,0,0,?,?,?,?,?,?,?,?,?,?,?,?,?,?,?,?,?,?,?,?
63,13792.0,C,S,S,F,F,B,F,F,F,?,?,?,?,0,0,?,?,?,?,?,?,?,?,?,?,?,?,?,?,?,?,?,?,?,?
64,13808.0,C,S,C,F,F,S,F,F,F,139.0,1.0,1.0,?,2006,011,3.0,3.0,4.0,2.0,5.0,2.0,1.0,2.0,3.0,3.0,3.0,2.0,1.0,3.0,4.0,4.0,3.0,3.0,4.0,3.0
65,13812.0,A,B,C,S,S,A,F,S,B,?,?,?,?,0,0,?,?,?,?,?,?,?,?,?,?,?,?,?,?,?,?,?,?,?,?
66,13814.0,A,B,B,S,B,F,S,C,C,136.0,1.0,3.0,?,5,111,5.0,3.0,5.0,2.0,3.0,3.0,5.0,3.0,3.0,4.0,3.0,3.0,2.0,2.0,5.0,6.0,3.0,3.0,6.0,3.0
67,13820.0,A,B,C,S,C,B,C,S,S,?,?,?,?,0,0,?,?,?,?,?,?,?,?,?,?,?,?,?,?,?,?,?,?,?,?
68,13857.0,B,C,B,C,S,B,F,S,A,126.0,1.0,1.0,?,4,111,5.0,5.0,5.0,1.0,5.0,5.0,5.0,1.0,5.0,5.0,5.0,1.0,4.0,5.0,5.0,5.0,5.0,5.0,4.0,5.0
69,13866.0,A,A,C,F,F,S,B,F,S,135.0,1.0,1.0,?,3,111,3.0,4.0,4.0,1.0,5.0,3.0,4.0,5.0,2.0,1.0,2.0,1.0,5.0,4.0,5.0,4.0,5.0,3.0,5.0,5.0
70,13954.0,B,C,A,S,S,A,B,C,B,?,?,?,?,0,0,?,?,?,?,?,?,?,?,?,?,?,?,?,?,?,?,?,?,?,?
71,13958.0,C,C,A,C,S,S,B,B,B,107.0,2.0,?,?,3,111,3.0,3.0,4.0,4.0,6.0,1.0,4.0,4.0,1.0,1.0,4.0,4.0,4.0,3.0,2.0,4.0,4.0,3.0,4.0,5.0
72,14231.0,B,A,S,B,A,C,A,C,C,172.0,1.0,3.0,?,1,100,1.0,3.0,5.0,2.0,4.0,2.0,3.0,2.0,2.0,2.0,4.0,4.0,4.0,4.0,4.0,1.0,6.0,5.0,6.0,4.0
73,13878.0,A,A,A,S,S,B,C,A,A,135.0,2.0,?,?,2,111,3.0,5.0,4.0,5.0,5.0,4.0,3.0,4.0,5.0,3.0,4.0,5.0,5.0,2.0,3.0,4.0,5.0,5.0,3.0,5.0
74,13877.0,A,A,A,C,S,A,A,C,S,161.0,3.0,3.0,?,1,111,3.0,4.0,2.0,1.0,5.0,5.0,2.0,1.0,5.0,4.0,3.0,1.0,5.0,5.0,5.0,5.0,5.0,5.0,2.0,5.0
75,13864.0,B,B,A,B,S,A,S,S,S,?,?,?,?,0,0,?,?,?,?,?,?,?,?,?,?,?,?,?,?,?,?,?,?,?,?
76,13856.0,S,S,B,B,A,C,S,C,A,129.0,3.0,?,?,0,111,4.0,3.0,4.0,5.0,6.0,3.0,4.0,6.0,5.0,5.0,6.0,5.0,3.0,4.0,4.0,4.0,4.0,4.0,3.0,4.0
77,13852.0,B,B,C,C,C,C,B,C,A,157.0,2.0,?,?,3,111,4.0,4.0,3.0,2.0,2.0,4.0,3.0,2.0,4.0,3.0,4.0,5.0,5.0,4.0,4.0,?,?,?,?,?
78,13839.0,C,C,B,F,S,S,C,A,A,?,?,?,?,0,0,?,?,?,?,?,?,?,?,?,?,?,?,?,?,?,?,?,?,?,?
79,13836.0,C,S,S,S,S,S,C,C,B,148.0,2.0,?,?,3,111,3.0,5.0,4.0,2.0,4.0,4.0,4.0,3.0,4.0,4.0,3.0,1.0,4.0,4.0,4.0,4.0,3.0,3.0,4.0,3.0
80,13828.0,C,S,S,S,F,F,C,C,C,132.0,2.0,?,?,3,011,3.0,4.0,3.0,3.0,3.0,3.0,2.0,3.0,3.0,3.0,5.0,3.0,3.0,4.0,1.0,4.0,4.0,4.0,4.0,4.0
81,13826.0,A,B,C,S,F,F,C,F,F,125.0,1.0,1.0,?,6,111,3.0,5.0,6.0,3.0,6.0,6.0,2.0,3.0,5.0,3.0,3.0,3.0,6.0,3.0,3.0,3.0,3.0,5.0,2.0,3.0
82,13818.0,A,A,C,F,F,S,S,F,S,134.0,3.0,3.0,?,3,001,3.0,3.0,5.0,1.0,3.0,3.0,3.0,4.0,5.0,2.0,5.0,3.0,2.0,4.0,4.0,4.0,4.0,5.0,5.0,4.0
83,13805.0,B,C,B,F,S,S,F,F,S,128.0,2.0,?,?,3,111,4.0,4.0,5.0,4.0,4.0,4.0,3.0,2.0,5.0,5.0,5.0,5.0,4.0,5.0,4.0,5.0,5.0,4.0,?,5.0
84,13802.0,A,A,S,C,F,S,F,F,S,137.0,2.0,?,?,1,001,3.0,3.0,4.0,3.0,4.0,4.0,4.0,3.0,5.0,4.0,5.0,4.0,4.0,4.0,3.0,4.0,3.0,3.0,4.0,4.0
85,13798.0,A,A,B,S,S,C,F,C,S,125.0,3.0,?,?,3,111,3.0,3.0,4.0,3.0,5.0,3.0,4.0,4.0,4.0,3.0,5.0,4.0,4.0,5.0,5.0,5.0,3.0,3.0,5.0,5.0
86,13796.0,A,A,S,F,F,S,S,S,S,134.0,2.0,3.0,?,2,111,3.0,5.0,5.0,1.0,3.0,4.0,5.0,3.0,5.0,3.0,3.0,2.0,4.0,3.0,3.0,4.0,3.0,3.0,3.0,5.0
87,13779.0,A,A,A,F,S,A,S,S,S,161.0,3.0,3.0,?,2,111,3.0,5.0,3.0,6.0,5.0,3.0,3.0,3.0,5.0,3.0,3.0,2.0,4.0,3.0,4.0,4.0,4.0,4.0,2.0,6.0
88,13773.0,A,B,A,S,F,S,F,F,C,132.0,3.0,3.0,?,1,111,5.0,3.0,2.0,1.0,1.0,5.0,3.0,1.0,5.0,5.0,5.0,4.0,5.0,4.0,5.0,5.0,4.0,4.0,4.0,4.0
89,13769.0,A,A,B,A,A,B,S,S,S,140.0,2.0,3.0,?,6,001,3.0,1.0,4.0,3.0,2.0,4.0,4.0,3.0,5.0,3.0,2.0,3.0,2.0,2.0,3.0,3.0,5.0,5.0,5.0,3.0
90,13760.0,A,A,A,B,C,C,S,C,A,144.0,2.0,?,?,5,0,4.0,4.0,6.0,5.0,5.0,4.0,5.0,3.0,4.0,3.0,3.0,5.0,3.0,5.0,3.0,5.0,5.0,5.0,4.0,4.0
91,13757.0,A,A,A,B,B,A,A,B,B,147.0,2.0,3.0,?,1,111,5.0,3.0,4.0,3.0,4.0,5.0,4.0,6.0,5.0,5.0,4.0,2.0,3.0,5.0,3.0,4.0,5.0,5.0,4.0,4.0
92,13730.0,A,A,A,B,C,A,B,C,A,?,?,?,?,0,0,?,?,?,?,?,?,?,?,?,?,?,?,?,?,?,?,?,?,?,?
93,13727.0,A,C,A,S,B,C,B,B,S,152.0,1.0,3.0,?,5,111,3.0,3.0,2.0,2.0,1.0,3.0,1.0,2.0,3.0,3.0,3.0,5.0,3.0,5.0,5.0,3.0,3.0,5.0,3.0,3.0
94,13722.0,A,B,A,A,A,A,B,B,B,153.0,1.0,?,?,3,011,4.0,3.0,4.0,3.0,4.0,3.0,3.0,4.0,4.0,2.0,4.0,4.0,3.0,4.0,5.0,3.0,5.0,3.0,2.0,3.0
95,13714.0,A,B,C,S,C,S,B,S,A,157.0,3.0,?,?,5,011,3.0,3.0,5.0,3.0,4.0,4.0,6.0,4.0,5.0,5.0,4.0,2.0,3.0,5.0,3.0,4.0,4.0,3.0,4.0,2.0
96,13706.0,A,C,B,B,A,B,A,A,C,160.0,?,?,?,5,111,3.0,3.0,1.0,4.0,6.0,2.0,2.0,3.0,3.0,2.0,3.0,3.0,2.0,3.0,4.0,3.0,3.0,3.0,4.0,3.0
97,13703.0,B,C,S,F,S,C,B,C,S,?,?,?,?,0,0,?,?,?,?,?,?,?,?,?,?,?,?,?,?,?,?,?,?,?,?
98,13697.0,A,C,C,F,S,S,F,F,B,164.0,4.0,3.0,?,3,011,4.0,4.0,3.0,4.0,4.0,2.0,4.0,4.0,4.0,2.0,4.0,2.0,2.0,4.0,5.0,4.0,4.0,4.0,3.0,3.0
99,13728.0,A,C,A,S,F,B,C,F,S,?,?,?,?,0,0,?,?,?,?,?,?,?,?,?,?,?,?,?,?,?,?,?,?,?,?
100,13735.0,A,S,B,F,F,C,S,C,S,148.0,3.0,?,?,0,111,5.0,4.0,3.0,2.0,4.0,5.0,4.0,2.0,5.0,5.0,5.0,2.0,5.0,5.0,4.0,3.0,5.0,5.0,5.0,4.0
101,13741.0,B,A,B,A,C,C,F,C,B,147.0,3.0,?,?,2,111,3.0,3.0,5.0,4.0,4.0,3.0,3.0,3.0,3.0,1.0,3.0,3.0,3.0,4.0,3.0,5.0,4.0,4.0,3.0,5.0
102,13745.0,C,S,S,C,C,F,A,F,S,?,?,?,?,0,0,?,?,?,?,?,?,?,?,?,?,?,?,?,?,?,?,?,?,?,?
103,13751.0,S,A,C,F,C,C,S,F,F,145.0,?,?,?,1,111,3.0,3.0,4.0,5.0,6.0,?,?,?,?,?,4.0,1.0,3.0,4.0,4.0,3.0,4.0,4.0,3.0,3.0
104,13763.0,A,C,F,F,F,F,S,F,F,143.0,3.0,?,?,7,111,4.0,4.0,3.0,3.0,5.0,2.0,3.0,4.0,4.0,1.0,4.0,3.0,2.0,3.0,2.0,1.0,3.0,2.0,5.0,4.0
105,13764.0,A,C,B,C,S,C,F,F,F,142.0,3.0,3.0,?,5,111,3.0,3.0,2.0,3.0,5.0,2.0,2.0,4.0,3.0,1.0,4.0,3.0,2.0,3.0,2.0,6.0,3.0,2.0,4.0,4.0
106,13794.0,A,A,C,F,S,S,F,S,S,124.0,2.0,?,?,1,011,3.0,3.0,5.0,3.0,1.0,2.0,4.0,3.0,4.0,1.0,4.0,1.0,4.0,3.0,4.0,4.0,3.0,3.0,5.0,5.0
107,13815.0,A,S,B,S,S,B,F,F,F,?,?,?,?,0,0,?,?,?,?,?,?,?,?,?,?,?,?,?,?,?,?,?,?,?,?
108,13817.0,A,S,B,S,F,B,F,B,B,?,?,?,?,0,0,?,?,?,?,?,?,?,?,?,?,?,?,?,?,?,?,?,?,?,?
109,13822.0,C,F,S,C,C,F,F,F,C,139.0,2.0,3.0,?,3,111,4.0,3.0,4.0,1.0,3.0,4.0,2.0,3.0,4.0,3.0,4.0,4.0,5.0,3.0,5.0,3.0,5.0,5.0,4.0,4.0
110,13829.0,C,S,S,B,C,S,S,F,F,131.0,2.0,?,?,0,111,3.0,4.0,5.0,1.0,3.0,2.0,4.0,1.0,5.0,5.0,5.0,5.0,3.0,3.0,4.0,4.0,5.0,4.0,3.0,4.0
111,13831.0,A,B,S,F,S,F,S,F,S,?,?,?,?,0,0,?,?,?,?,?,?,?,?,?,?,?,?,?,?,?,?,?,?,?,?
112,13832.0,B,S,S,F,F,S,F,F,S,158.0,1.0,?,?,1,111,4.0,4.0,4.0,3.0,3.0,3.0,3.0,3.0,5.0,2.0,4.0,3.0,2.0,3.0,4.0,3.0,3.0,2.0,4.0,4.0
113,13849.0,B,A,C,F,F,F,F,F,F,123.0,2.0,3.0,?,1,111,4.0,3.0,3.0,6.0,6.0,3.0,6.0,6.0,5.0,3.0,5.0,5.0,5.0,5.0,6.0,3.0,3.0,3.0,3.0,5.0
114,13850.0,A,S,C,F,F,B,F,F,F,123.0,?,?,?,1,011,3.0,1.0,5.0,5.0,1.0,6.0,6.0,4.0,2.0,2.0,4.0,4.0,3.0,1.0,3.0,3.0,1.0,2.0,4.0,4.0
115,13867.0,C,S,A,C,F,C,F,F,F,138.0,2.0,?,?,3,111,5.0,5.0,3.0,3.0,3.0,2.0,2.0,3.0,5.0,3.0,5.0,2.0,2.0,5.0,2.0,3.0,3.0,3.0,2.0,3.0
116,13885.0,A,B,C,S,S,F,F,F,F,?,?,?,?,0,0,?,?,?,?,?,?,?,?,?,?,?,?,?,?,?,?,?,?,?,?
117,14230.0,C,C,S,A,F,C,F,F,B,?,?,?,?,0,0,?,?,?,?,?,?,?,?,?,?,?,?,?,?,?,?,?,?,?,?
118,14216.0,A,A,C,S,S,C,F,S,S,121.0,2.0,?,?,3,111,3.0,4.0,3.0,5.0,3.0,3.0,5.0,3.0,5.0,5.0,5.0,2.0,5.0,5.0,4.0,5.0,5.0,5.0,3.0,5.0
119,13883.0,A,C,C,S,F,F,F,F,S,?,?,?,?,0,0,?,?,?,?,?,?,?,?,?,?,?,?,?,?,?,?,?,?,?,?
120,13867.0,A,B,B,F,F,S,S,F,F,138.0,2.0,?,?,3,111,5.0,5.0,3.0,3.0,3.0,2.0,2.0,3.0,5.0,3.0,5.0,2.0,2.0,5.0,2.0,3.0,3.0,3.0,2.0,3.0
121,13863.0,B,C,S,S,F,A,F,F,B,113.0,1.0,3.0,?,0,111,5.0,5.0,4.0,6.0,6.0,5.0,5.0,4.0,5.0,6.0,4.0,2.0,4.0,4.0,4.0,5.0,5.0,5.0,5.0,6.0
122,13860.0,S,S,B,S,S,C,S,C,F,?,?,?,?,0,0,?,?,?,?,?,?,?,?,?,?,?,?,?,?,?,?,?,?,?,?
123,13851.0,A,A,C,S,S,A,F,F,B,135.0,3.0,3.0,?,1,111,4.0,2.0,3.0,2.0,2.0,3.0,4.0,3.0,2.0,2.0,4.0,3.0,4.0,3.0,?,?,?,?,?,?
124,13827.0,A,A,S,S,C,S,F,C,C,126.0,2.0,?,?,1,100,5.0,5.0,5.0,5.0,1.0,5.0,5.0,4.0,4.0,5.0,4.0,5.0,4.0,4.0,5.0,5.0,5.0,5.0,4.0,4.0
125,13847.0,A,C,A,S,F,B,F,S,B,116.0,2.0,1.0,?,4,100,4.0,3.0,4.0,4.0,4.0,3.0,4.0,3.0,5.0,1.0,4.0,3.0,1.0,3.0,5.0,3.0,3.0,3.0,1.0,1.0
126,13825.0,B,S,A,F,S,A,S,C,S,128.0,1.0,?,?,5,111,4.0,3.0,4.0,5.0,3.0,4.0,4.0,3.0,5.0,2.0,3.0,3.0,5.0,5.0,2.0,4.0,5.0,5.0,3.0,5.0
127,13810.0,C,C,B,A,A,B,F,S,S,?,?,?,?,0,0,?,?,?,?,?,?,?,?,?,?,?,?,?,?,?,?,?,?,?,?
128,13803.0,A,S,C,S,B,S,B,S,A,155.0,3.0,3.0,?,5,111,3.0,4.0,4.0,4.0,6.0,4.0,4.0,2.0,4.0,3.0,4.0,3.0,4.0,4.0,3.0,4.0,4.0,4.0,3.0,5.0
129,13787.0,A,C,S,S,F,C,S,A,C,132.0,2.0,1.0,?,1,111,4.0,3.0,4.0,4.0,4.0,3.0,1.0,4.0,6.0,1.0,4.0,4.0,1.0,1.0,1.0,3.0,4.0,3.0,1.0,3.0
130,13786.0,B,S,C,F,F,B,C,S,F,131.0,1.0,1.0,?,0,001,4.0,3.0,1.0,4.0,2.0,4.0,3.0,3.0,5.0,3.0,4.0,1.0,3.0,3.0,3.0,2.0,4.0,4.0,1.0,2.0
131,13782.0,A,B,C,F,S,C,A,S,S,?,?,?,?,0,0,?,?,?,?,?,?,?,?,?,?,?,?,?,?,?,?,?,?,?,?
132,13780.0,A,A,B,C,S,C,C,F,F,?,?,?,?,0,0,?,?,?,?,?,?,?,?,?,?,?,?,?,?,?,?,?,?,?,?
133,13777.0,B,C,B,F,F,B,F,S,B,?,?,?,?,0,0,?,?,?,?,?,?,?,?,?,?,?,?,?,?,?,?,?,?,?,?
134,13776.0,A,C,A,B,C,B,F,F,S,?,?,?,?,0,0,?,?,?,?,?,?,?,?,?,?,?,?,?,?,?,?,?,?,?,?
135,13774.0,A,A,C,B,C,A,S,C,B,132.0,1.0,3.0,?,3,100,5.0,4.0,3.0,6.0,6.0,3.0,6.0,4.0,5.0,4.0,4.0,2.0,3.0,3.0,4.0,5.0,5.0,4.0,5.0,5.0
136,13770.0,A,A,S,C,A,C,F,C,C,?,?,?,?,0,0,?,?,?,?,?,?,?,?,?,?,?,?,?,?,?,?,?,?,?,?
137,13761.0,A,A,A,S,C,S,A,F,S,?,?,?,?,0,0,?,?,?,?,?,?,?,?,?,?,?,?,?,?,?,?,?,?,?,?
138,13758.0,A,S,A,F,F,A,C,C,A,144.0,2.0,1.0,?,5,100,4.0,3.0,5.0,3.0,4.0,3.0,3.0,4.0,4.0,3.0,4.0,3.0,4.0,3.0,4.0,4.0,3.0,3.0,2.0,3.0
139,13753.0,C,S,A,B,A,A,A,F,A,145.0,4.0,4.0,?,1,111,4.0,4.0,3.0,4.0,4.0,4.0,3.0,3.0,4.0,4.0,3.0,3.0,5.0,5.0,3.0,?,?,?,?,?
140,13749.0,B,B,C,A,S,A,S,A,A,145.0,1.0,?,?,1,111,3.0,3.0,4.0,1.0,3.0,3.0,3.0,1.0,5.0,3.0,6.0,1.0,3.0,3.0,2.0,3.0,3.0,6.0,6.0,3.0
141,13731.0,B,A,C,A,B,C,F,A,A,149.0,2.0,4.0,?,3,0,3.0,3.0,4.0,3.0,4.0,4.0,4.0,3.0,4.0,3.0,3.0,3.0,4.0,4.0,6.0,4.0,3.0,4.0,3.0,5.0
142,13718.0,B,B,C,F,F,B,A,A,B,153.0,1.0,?,?,5,001,3.0,3.0,6.0,3.0,3.0,3.0,5.0,4.0,3.0,3.0,3.0,3.0,6.0,3.0,3.0,3.0,3.0,3.0,4.0,3.0
143,13716.0,C,A,B,C,C,C,A,S,S,159.0,2.0,?,?,1,001,3.0,2.0,3.0,3.0,4.0,3.0,3.0,3.0,4.0,3.0,3.0,3.0,4.0,3.0,2.0,2.0,3.0,3.0,3.0,3.0
144,13710.0,A,A,C,S,S,C,B,B,C,160.0,3.0,3.0,?,3,111,5.0,5.0,3.0,5.0,3.0,3.0,4.0,4.0,5.0,2.0,5.0,5.0,4.0,5.0,5.0,5.0,5.0,5.0,5.0,5.0
145,13704.0,A,C,B,S,S,F,S,F,F,160.0,1.0,3.0,?,7,100,4.0,4.0,3.0,1.0,3.0,3.0,3.0,3.0,5.0,4.0,4.0,2.0,3.0,3.0,4.0,5.0,5.0,5.0,4.0,4.0
146,13695.0,A,B,A,F,F,C,S,F,B,168.0,2.0,?,?,0,111,3.0,3.0,3.0,4.0,4.0,4.0,3.0,3.0,4.0,4.0,4.0,4.0,4.0,3.0,3.0,4.0,4.0,4.0,3.0,4.0
147,?,A,S,C,S,S,A,F,A,A,?,?,?,?,0,0,?,?,?,?,?,?,?,?,?,?,?,?,?,?,?,?,?,?,?,?
148,13715.0,A,C,C,A,A,C,F,S,S,158.0,2.0,3.0,?,3,0,3.0,5.0,5.0,3.0,5.0,3.0,5.0,3.0,5.0,3.0,5.0,3.0,4.0,4.0,5.0,3.0,4.0,3.0,5.0,5.0
149,13726.0,A,A,S,C,S,B,F,A,C,152.0,2.0,3.0,?,1,111,3.0,4.0,4.0,3.0,4.0,4.0,4.0,3.0,4.0,2.0,4.0,4.0,4.0,4.0,4.0,4.0,4.0,4.0,4.0,4.0
150,13736.0,A,B,A,S,C,F,B,S,S,?,?,?,?,0,0,?,?,?,?,?,?,?,?,?,?,?,?,?,?,?,?,?,?,?,?
151,13743.0,B,C,B,S,F,B,C,S,C,?,?,?,?,0,0,?,?,?,?,?,?,?,?,?,?,?,?,?,?,?,?,?,?,?,?
152,13744.0,A,S,B,C,S,B,S,F,S,?,?,?,?,0,0,?,?,?,?,?,?,?,?,?,?,?,?,?,?,?,?,?,?,?,?
153,13745.0,A,S,C,C,S,S,S,S,S,?,?,?,?,0,0,?,?,?,?,?,?,?,?,?,?,?,?,?,?,?,?,?,?,?,?
154,13748.0,A,B,S,F,F,F,S,F,S,145.0,3.0,?,?,3,0,3.0,4.0,2.0,1.0,3.0,3.0,6.0,2.0,1.0,2.0,4.0,3.0,4.0,6.0,2.0,4.0,4.0,3.0,6.0,4.0
155,13755.0,A,F,C,S,F,S,S,F,S,145.0,2.0,?,?,7,110,3.0,4.0,4.0,1.0,3.0,3.0,5.0,3.0,5.0,6.0,5.0,6.0,3.0,3.0,6.0,5.0,5.0,5.0,5.0,6.0
156,13766.0,F,A,C,C,F,F,C,F,A,141.0,3.0,3.0,?,0,100,3.0,4.0,5.0,2.0,4.0,3.0,5.0,6.0,5.0,3.0,4.0,3.0,4.0,3.0,6.0,3.0,4.0,4.0,5.0,4.0
157,13789.0,A,S,F,F,F,A,F,S,F,134.0,2.0,3.0,?,3,111,3.0,3.0,4.0,2.0,3.0,2.0,3.0,3.0,4.0,2.0,4.0,2.0,2.0,3.0,4.0,3.0,4.0,3.0,4.0,4.0
158,13790.0,A,S,B,C,C,F,F,F,S,140.0,2.0,3.0,?,3,0,3.0,3.0,4.0,6.0,3.0,3.0,4.0,3.0,4.0,4.0,4.0,3.0,4.0,4.0,3.0,4.0,4.0,3.0,4.0,4.0
159,13797.0,A,A,F,F,F,S,F,B,F,125.0,3.0,?,?,0,111,3.0,4.0,4.0,3.0,6.0,4.0,4.0,2.0,4.0,3.0,3.0,3.0,3.0,4.0,3.0,4.0,4.0,4.0,3.0,4.0
160,13799.0,A,S,F,S,F,F,F,F,F,125.0,3.0,3.0,?,1,110,3.0,4.0,1.0,4.0,6.0,1.0,1.0,3.0,3.0,1.0,4.0,4.0,1.0,3.0,3.0,4.0,3.0,5.0,1.0,3.0
161,13801.0,A,A,A,F,F,F,A,F,B,125.0,3.0,3.0,?,3,110,5.0,5.0,5.0,4.0,5.0,4.0,5.0,4.0,5.0,3.0,4.0,5.0,5.0,5.0,4.0,5.0,5.0,4.0,5.0,5.0
162,13809.0,A,C,C,F,F,A,F,F,S,?,?,?,?,0,0,?,?,?,?,?,?,?,?,?,?,?,?,?,?,?,?,?,?,?,?
163,13819.0,A,S,A,B,C,S,F,F,A,134.0,?,?,?,7,0,3.0,3.0,4.0,2.0,5.0,3.0,4.0,3.0,5.0,3.0,4.0,2.0,3.0,3.0,3.0,5.0,4.0,3.0,5.0,4.0
164,13833.0,A,C,C,S,F,B,S,S,B,?,?,?,?,0,0,?,?,?,?,?,?,?,?,?,?,?,?,?,?,?,?,?,?,?,?
165,13845.0,A,C,S,B,C,B,B,F,A,88.0,2.0,1.0,?,4,0,1.0,3.0,2.0,3.0,1.0,1.0,2.0,2.0,2.0,1.0,1.0,1.0,2.0,2.0,1.0,3.0,3.0,2.0,2.0,1.0
166,13880.0,A,A,C,C,S,B,S,C,C,169.0,1.0,1.0,?,1,001,4.0,3.0,5.0,4.0,4.0,3.0,5.0,3.0,5.0,3.0,5.0,4.0,4.0,4.0,5.0,5.0,5.0,3.0,5.0,5.0
167,13887.0,A,C,C,B,C,F,C,S,S,?,?,?,?,0,0,?,?,?,?,?,?,?,?,?,?,?,?,?,?,?,?,?,?,?,?
168,13888.0,B,S,B,S,F,C,C,A,C,?,?,?,?,0,0,?,?,?,?,?,?,?,?,?,?,?,?,?,?,?,?,?,?,?,?
169,13859.0,A,S,B,C,F,C,A,F,B,136.0,1.0,1.0,?,2,111,4.0,5.0,3.0,3.0,3.0,4.0,3.0,1.0,5.0,4.0,4.0,1.0,4.0,4.0,3.0,5.0,5.0,5.0,4.0,4.0
170,13854.0,A,B,C,C,C,C,S,F,C,129.0,2.0,3.0,?,1,001,4.0,4.0,5.0,2.0,3.0,4.0,2.0,3.0,4.0,4.0,5.0,3.0,5.0,3.0,4.0,4.0,5.0,4.0,4.0,4.0
171,13848.0,A,A,S,C,F,S,F,S,F,122.0,3.0,?,?,0,000,5.0,5.0,6.0,3.0,6.0,5.0,5.0,3.0,5.0,5.0,5.0,4.0,4.0,5.0,5.0,5.0,5.0,5.0,3.0,3.0
172,13838.0,A,F,B,A,S,F,C,S,F,157.0,1.0,?,?,0,001,3.0,2.0,3.0,3.0,2.0,3.0,3.0,2.0,3.0,4.0,3.0,2.0,2.0,3.0,2.0,3.0,3.0,2.0,6.0,3.0
173,13835.0,B,A,A,F,F,S,C,S,A,158.0,1.0,?,?,1,111,3.0,5.0,4.0,6.0,3.0,3.0,4.0,2.0,5.0,4.0,5.0,3.0,5.0,3.0,5.0,3.0,5.0,4.0,4.0,5.0
174,13830.0,A,C,C,S,S,A,S,F,C,130.0,3.0,3.0,?,3,100,3.0,3.0,5.0,6.0,5.0,6.0,5.0,6.0,3.0,3.0,3.0,6.0,6.0,3.0,6.0,5.0,3.0,5.0,6.0,3.0
175,13823.0,A,C,A,A,A,B,F,S,A,?,?,?,?,0,0,?,?,?,?,?,?,?,?,?,?,?,?,?,?,?,?,?,?,?,?
176,13821.0,A,B,B,A,B,C,S,A,S,135.0,3.0,3.0,?,3,100,4.0,5.0,3.0,3.0,3.0,4.0,3.0,2.0,4.0,5.0,4.0,3.0,3.0,3.0,3.0,4.0,4.0,3.0,2.0,3.0
177,13807.0,B,A,B,C,C,F,A,S,B,138.0,3.0,?,?,4,111,3.0,3.0,4.0,6.0,2.0,3.0,2.0,5.0,4.0,3.0,2.0,2.0,3.0,4.0,4.0,3.0,4.0,5.0,2.0,4.0
178,13806.0,A,F,A,S,S,B,A,C,B,137.0,2.0,?,?,3,010,5.0,5.0,3.0,2.0,3.0,3.0,1.0,3.0,5.0,5.0,3.0,3.0,3.0,3.0,5.0,4.0,5.0,5.0,3.0,4.0
179,13793.0,A,S,A,F,F,B,B,S,A,176.0,?,3.0,?,3,111,3.0,4.0,1.0,3.0,3.0,3.0,2.0,3.0,5.0,3.0,4.0,2.0,3.0,3.0,4.0,3.0,3.0,1.0,2.0,3.0
180,13785.0,A,C,B,S,S,A,F,S,C,131.0,2.0,?,?,3,111,3.0,4.0,2.0,6.0,3.0,3.0,1.0,3.0,4.0,3.0,3.0,3.0,4.0,3.0,3.0,2.0,4.0,3.0,6.0,3.0
181,13783.0,A,A,S,C,B,F,C,S,A,162.0,2.0,?,?,3,111,3.0,3.0,4.0,2.0,5.0,3.0,4.0,4.0,4.0,2.0,3.0,2.0,2.0,3.0,2.0,?,?,?,?,?
182,13778.0,A,A,B,S,S,A,C,C,A,169.0,?,?,?,8,111,4.0,4.0,3.0,2.0,2.0,3.0,3.0,2.0,5.0,4.0,5.0,1.0,3.0,4.0,5.0,4.0,5.0,4.0,3.0,3.0
183,13762.0,A,A,A,C,C,A,C,C,A,143.0,?,?,?,0,111,4.0,4.0,3.0,3.0,4.0,6.0,3.0,1.0,5.0,4.0,4.0,4.0,4.0,4.0,3.0,3.0,4.0,4.0,3.0,4.0
184,13752.0,C,C,B,B,B,A,S,B,A,145.0,2.0,?,?,13,001,4.0,4.0,3.0,2.0,3.0,4.0,4.0,2.0,4.0,4.0,4.0,2.0,4.0,3.0,3.0,4.0,3.0,3.0,2.0,3.0
185,13738.0,A,S,A,A,A,A,B,A,A,?,?,?,?,0,0,?,?,?,?,?,?,?,?,?,?,?,?,?,?,?,?,?,?,?,?
186,13732.0,A,B,A,A,A,A,A,A,A,149.0,3.0,3.0,?,2,101,4.0,5.0,4.0,2.0,3.0,3.0,3.0,2.0,4.0,3.0,5.0,1.0,3.0,2.0,4.0,3.0,5.0,4.0,4.0,5.0
187,13729.0,S,B,F,A,A,C,A,A,A,149.0,2.0,?,?,0,0,3.0,4.0,6.0,3.0,3.0,3.0,2.0,3.0,4.0,3.0,2.0,3.0,6.0,4.0,4.0,3.0,4.0,3.0,2.0,3.0
188,13725.0,C,S,C,S,S,C,A,A,A,?,?,?,?,0,0,?,?,?,?,?,?,?,?,?,?,?,?,?,?,?,?,?,?,?,?
189,13717.0,A,F,A,C,C,A,A,S,B,154.0,2.0,?,?,1,001,4.0,5.0,3.0,2.0,5.0,4.0,3.0,3.0,5.0,3.0,4.0,5.0,3.0,4.0,5.0,3.0,4.0,3.0,3.0,2.0
190,13711.0,A,A,S,A,A,A,B,A,A,159.0,2.0,?,?,1,111,3.0,4.0,6.0,3.0,3.0,3.0,2.0,3.0,4.0,5.0,2.0,3.0,2.0,3.0,5.0,3.0,3.0,5.0,1.0,4.0
191,13694.0,A,A,F,A,B,S,S,A,A,172.0,4.0,3.0,?,3,111,5.0,5.0,3.0,1.0,1.0,3.0,3.0,1.0,5.0,5.0,5.0,2.0,5.0,5.0,4.0,4.0,5.0,3.0,6.0,4.0
192,13793.0,B,A,A,F,F,F,C,C,A,176.0,?,3.0,?,3,111,3.0,4.0,1.0,3.0,3.0,3.0,2.0,3.0,5.0,3.0,4.0,2.0,3.0,3.0,4.0,3.0,3.0,1.0,2.0,3.0
193,13692.0,A,C,A,S,F,A,C,A,A,180.0,2.0,3.0,?,4,111,3.0,4.0,2.0,1.0,2.0,2.0,6.0,2.0,5.0,3.0,6.0,2.0,3.0,3.0,3.0,3.0,5.0,2.0,3.0,3.0
194,13375.0,A,A,A,A,A,A,S,A,A,132.0,1.0,?,?,7,111,3.0,4.0,4.0,2.0,4.0,3.0,4.0,3.0,4.0,3.0,4.0,2.0,3.0,4.0,4.0,3.0,6.0,4.0,3.0,4.0
0,26557.0,B,B,A,F,S,C,S,S,S,103.0,?,?,2.0,0,0,3.0,3.0,3.0,4.0,4.0,2.0,2.0,2.0,3.0,3.0,5.0,5.0,3.0,3.0,2.0,5.0,3.0,5.0,3.0,5.0
1,26565.0,A,A,A,C,A,A,A,A,A,150.0,3.0,3.0,2.0,0,0,2.0,4.0,5.0,3.0,1.0,1.0,5.0,3.0,5.0,2.0,5.0,6.0,5.0,3.0,5.0,3.0,5.0,3.0,5.0,5.0
2,26570.0,A,A,B,S,A,B,C,S,C,149.0,2.0,2.0,1.0,0,0,4.0,5.0,3.0,2.0,3.0,3.0,2.0,3.0,4.0,4.0,3.0,4.0,6.0,3.0,4.0,4.0,5.0,5.0,3.0,3.0
3,26572.0,A,B,B,F,S,B,C,S,S,108.0,?,?,2.0,3,0,?,?,4.0,4.0,4.0,2.0,6.0,2.0,3.0,6.0,3.0,2.0,2.0,2.0,2.0,3.0,3.0,4.0,2.0,2.0
4,26578.0,A,S,B,F,S,A,B,C,B,116.0,?,2.0,3.0,1,111,3.0,4.0,3.0,1.0,6.0,3.0,5.0,6.0,3.0,1.0,4.0,5.0,2.0,2.0,5.0,4.0,4.0,4.0,4.0,6.0
5,26592.0,A,A,A,F,C,B,C,C,B,169.0,3.0,3.0,?,0,0,3.0,3.0,5.0,3.0,4.0,6.0,5.0,4.0,1.0,1.0,5.0,3.0,3.0,3.0,4.0,4.0,5.0,3.0,5.0,5.0
6,26595.0,A,S,S,S,S,C,S,S,S,?,?,?,?,3,0,?,?,?,?,?,?,?,?,?,?,?,?,?,?,?,?,?,?,?,?
7,26599.0,A,C,C,S,F,B,F,F,S,163.0,3.0,3.0,?,0,0,2.0,5.0,1.0,1.0,5.0,1.0,1.0,1.0,1.0,1.0,1.0,5.0,1.0,1.0,5.0,1.0,1.0,5.0,1.0,5.0
8,26603.0,A,B,S,S,S,S,S,F,S,?,?,?,?,0,0,?,?,?,?,?,?,?,?,?,?,?,?,?,?,?,?,?,?,?,?
9,26605.0,B,S,B,F,F,C,S,F,S,168.0,3.0,3.0,0.0,0,111,3.0,3.0,1.0,1.0,2.0,2.0,3.0,5.0,4.0,5.0,1.0,2.0,3.0,4.0,5.0,5.0,5.0,4.0,1.0,5.0
10,26607.0,A,B,A,B,B,B,S,C,B,137.0,3.0,3.0,3.0,0,110,3.0,4.0,2.0,1.0,2.0,6.0,3.0,4.0,3.0,2.0,5.0,4.0,1.0,2.0,5.0,1.0,3.0,4.0,3.0,4.0
11,26617.0,B,B,C,S,F,C,S,S,F,156.0,3.0,3.0,1.0,0,0,3.0,3.0,4.0,5.0,5.0,2.0,4.0,4.0,4.0,3.0,4.0,3.0,2.0,4.0,5.0,4.0,5.0,3.0,3.0,5.0
12,26628.0,B,C,B,S,S,C,S,S,F,89.0,4.0,4.0,2.0,0,0,3.0,4.0,4.0,6.0,5.0,5.0,6.0,5.0,5.0,6.0,5.0,5.0,5.0,2.0,6.0,5.0,5.0,5.0,6.0,5.0
13,26655.0,S,F,F,F,F,S,F,S,F,169.0,4.0,4.0,1.0,0,0,3.0,4.0,5.0,1.0,1.0,5.0,5.0,3.0,3.0,3.0,5.0,1.0,3.0,5.0,5.0,4.0,5.0,1.0,5.0,5.0
14,26664.0,A,A,S,B,F,S,S,S,C,159.0,3.0,3.0,1.0,0,0,3.0,2.0,4.0,2.0,4.0,3.0,5.0,5.0,1.0,1.0,5.0,1.0,3.0,5.0,5.0,5.0,5.0,2.0,4.0,5.0
15,26668.0,A,A,A,A,A,A,A,B,A,156.0,4.0,4.0,1.0,0,0,4.0,3.0,2.0,3.0,4.0,3.0,2.0,3.0,1.0,3.0,3.0,1.0,3.0,4.0,3.0,4.0,4.0,1.0,4.0,3.0
16,26681.0,A,A,A,A,A,B,A,A,A,166.0,3.0,4.0,1.0,6,0,3.0,4.0,4.0,3.0,5.0,3.0,5.0,3.0,4.0,3.0,5.0,2.0,1.0,3.0,5.0,3.0,5.0,5.0,5.0,3.0
17,26682.0,B,C,A,F,B,C,C,F,S,?,?,?,?,0,111,?,?,?,?,?,?,?,?,?,?,?,?,?,?,?,?,?,?,?,?
18,26686.0,A,S,C,F,S,A,S,S,F,?,?,?,?,0,0,?,?,?,?,?,?,?,?,?,?,?,?,?,?,?,?,?,?,?,?
19,26716.0,A,A,A,A,C,C,B,S,S,141.0,3.0,3.0,1.0,4,111,4.0,5.0,3.0,3.0,4.0,3.0,2.0,2.0,5.0,3.0,4.0,1.0,4.0,5.0,4.0,4.0,5.0,4.0,3.0,2.0
20,26720.0,A,F,F,F,F,B,S,S,S,143.0,3.0,3.0,3.0,0,111,?,?,?,?,?,?,?,?,?,?,?,?,?,?,?,?,?,?,?,?
21,26726.0,C,B,B,B,C,S,C,F,S,151.0,3.0,3.0,2.0,4,001,5.0,5.0,5.0,4.0,4.0,5.0,3.0,5.0,5.0,2.0,5.0,4.0,5.0,5.0,5.0,4.0,5.0,6.0,5.0,5.0
22,26730.0,B,F,C,F,F,B,F,F,F,?,?,?,?,3,111,?,?,?,?,?,?,?,?,?,?,?,?,?,?,?,?,?,?,?,?
23,26737.0,A,F,C,F,F,C,C,S,S,120.0,?,?,1.0,3,101,3.0,3.0,4.0,4.0,2.0,4.0,4.0,3.0,3.0,2.0,3.0,6.0,3.0,2.0,5.0,3.0,3.0,4.0,4.0,3.0
24,26739.0,B,C,C,F,S,S,C,S,S,183.0,3.0,4.0,1.0,1,0,5.0,3.0,1.0,1.0,3.0,1.0,1.0,1.0,4.0,5.0,3.0,1.0,2.0,2.0,4.0,5.0,5.0,2.0,1.0,4.0
25,26757.0,B,S,C,F,S,C,S,S,S,183.0,4.0,3.0,1.0,0,0,4.0,3.0,4.0,3.0,4.0,3.0,4.0,3.0,3.0,4.0,4.0,3.0,2.0,4.0,4.0,4.0,5.0,3.0,2.0,4.0
26,26761.0,S,C,B,S,S,S,S,S,C,?,?,?,?,0,0,?,?,?,?,?,?,?,?,?,?,?,?,?,?,?,?,?,?,?,?
27,26763.0,A,S,C,F,F,B,F,F,F,159.0,4.0,4.0,1.0,0,0,4.0,1.0,4.0,1.0,1.0,4.0,4.0,4.0,4.0,4.0,4.0,4.0,1.0,4.0,4.0,4.0,4.0,1.0,4.0,4.0
28,26769.0,A,C,B,C,S,S,F,S,B,171.0,3.0,3.0,1.0,3,101,3.0,3.0,4.0,5.0,3.0,3.0,5.0,5.0,5.0,1.0,5.0,3.0,3.0,3.0,5.0,5.0,4.0,3.0,4.0,5.0
29,26776.0,A,S,C,F,F,C,C,F,F,?,?,?,?,0,111,?,?,?,?,?,?,?,?,?,?,?,?,?,?,?,?,?,?,?,?
30,26777.0,A,S,F,F,F,S,F,S,B,136.0,4.0,?,2.0,2009,111,4.0,4.0,3.0,1.0,3.0,3.0,3.0,4.0,5.0,3.0,5.0,1.0,5.0,3.0,3.0,4.0,5.0,5.0,3.0,3.0
31,26780.0,A,C,B,F,S,A,C,C,C,119.0,3.0,3.0,2.0,2,111,3.0,3.0,3.0,3.0,6.0,6.0,6.0,6.0,5.0,2.0,5.0,3.0,3.0,6.0,3.0,3.0,3.0,3.0,3.0,3.0
32,26790.0,C,A,B,C,C,S,B,S,B,149.0,3.0,3.0,1.0,0,010,6.0,4.0,4.0,4.0,4.0,2.0,3.0,3.0,3.0,1.0,4.0,3.0,3.0,3.0,4.0,3.0,5.0,3.0,2.0,5.0
33,26794.0,A,S,B,S,F,A,C,F,F,130.0,3.0,3.0,1.0,1,111,5.0,5.0,4.0,6.0,4.0,5.0,4.0,3.0,5.0,3.0,4.0,2.0,5.0,5.0,5.0,4.0,5.0,5.0,4.0,5.0
34,26802.0,B,A,B,C,S,C,F,B,A,126.0,2.0,2.0,2.0,0,0,3.0,3.0,5.0,5.0,4.0,1.0,5.0,2.0,4.0,1.0,4.0,4.0,2.0,2.0,2.0,3.0,1.0,5.0,4.0,5.0
35,26811.0,A,C,B,S,S,S,C,S,S,170.0,3.0,3.0,2.0,0,0,3.0,4.0,5.0,4.0,4.0,5.0,5.0,1.0,1.0,2.0,5.0,5.0,1.0,3.0,5.0,5.0,1.0,1.0,2.0,5.0
36,27922.0,A,C,B,S,F,B,S,S,S,?,?,?,?,0,001,?,?,?,?,?,?,?,?,?,?,?,?,?,?,?,?,?,?,?,?
37,28458.0,A,A,A,B,C,C,S,B,C,190.0,3.0,2.0,1.0,3,111,?,?,?,?,?,?,?,?,?,?,?,?,?,?,?,?,?,?,?,?
38,28464.0,A,C,A,F,C,C,C,F,S,187.0,3.0,3.0,1.0,8,111,3.0,4.0,1.0,2.0,4.0,2.0,1.0,4.0,5.0,4.0,3.0,1.0,3.0,3.0,3.0,3.0,5.0,5.0,1.0,3.0
39,28172.0,C,C,B,B,S,B,S,B,B,?,?,?,?,3,0,?,?,?,?,?,?,?,?,?,?,?,?,?,?,?,?,?,?,?,?
40,28478.0,A,S,C,S,C,C,S,C,S,184.0,3.0,3.0,1.0,5,0,5.0,3.0,3.0,4.0,3.0,4.0,5.0,5.0,5.0,4.0,4.0,1.0,3.0,5.0,5.0,5.0,4.0,2.0,4.0,5.0
41,28485.0,A,B,A,S,C,A,C,C,A,183.0,3.0,3.0,2.0,0,111,5.0,3.0,4.0,1.0,1.0,4.0,4.0,2.0,5.0,4.0,4.0,1.0,5.0,4.0,4.0,4.0,5.0,1.0,4.0,5.0
42,28492.0,A,B,B,F,F,A,A,S,C,183.0,4.0,4.0,1.0,2,111,4.0,3.0,5.0,3.0,5.0,2.0,5.0,3.0,5.0,4.0,5.0,2.0,3.0,3.0,5.0,5.0,5.0,2.0,5.0,5.0
43,28499.0,A,B,A,B,C,B,S,A,A,?,?,?,?,0,001,?,?,?,?,?,?,?,?,?,?,?,?,?,?,?,?,?,?,?,?
44,28506.0,A,A,A,C,C,B,A,S,A,?,?,?,?,0,011,?,?,?,?,?,?,?,?,?,?,?,?,?,?,?,?,?,?,?,?
45,26553.0,A,C,B,F,S,C,F,C,C,?,?,?,?,3,111,?,?,?,?,?,?,?,?,?,?,?,?,?,?,?,?,?,?,?,?
46,26560.0,A,C,A,C,C,A,B,B,A,168.0,3.0,4.0,1.0,0,0,4.0,3.0,4.0,3.0,3.0,3.0,3.0,3.0,5.0,5.0,4.0,3.0,4.0,3.0,5.0,4.0,4.0,3.0,2.0,4.0
47,26561.0,A,C,S,S,C,A,C,B,B,160.0,4.0,4.0,2.0,0,111,4.0,4.0,2.0,3.0,4.0,5.0,3.0,1.0,5.0,5.0,5.0,1.0,5.0,3.0,5.0,5.0,5.0,5.0,3.0,3.0
48,26566.0,A,A,B,B,S,B,B,B,B,163.0,4.0,3.0,1.0,1,111,4.0,3.0,4.0,3.0,4.0,2.0,3.0,4.0,4.0,2.0,3.0,2.0,2.0,3.0,2.0,2.0,4.0,3.0,1.0,4.0
49,26573.0,A,A,A,A,B,B,A,B,A,150.0,2.0,2.0,1.0,0,0,3.0,3.0,3.0,4.0,5.0,2.0,3.0,4.0,4.0,2.0,3.0,3.0,2.0,3.0,4.0,3.0,3.0,3.0,2.0,2.0
50,26586.0,B,B,A,S,C,C,A,B,B,?,?,?,?,0,0,?,?,?,?,?,?,?,?,?,?,?,?,?,?,?,?,?,?,?,?
51,26587.0,A,S,B,F,S,B,A,S,S,164.0,3.0,3.0,2.0,0,0,3.0,3.0,4.0,3.0,3.0,3.0,4.0,1.0,4.0,1.0,5.0,3.0,3.0,4.0,5.0,5.0,5.0,3.0,5.0,5.0
52,26593.0,B,B,B,C,B,B,A,S,C,172.0,3.0,3.0,1.0,0,0,3.0,5.0,5.0,1.0,2.0,2.0,5.0,1.0,5.0,1.0,4.0,2.0,1.0,3.0,5.0,3.0,5.0,3.0,4.0,5.0
53,26594.0,A,A,B,S,S,A,B,C,C,177.0,2.0,3.0,1.0,3,0,4.0,4.0,3.0,4.0,4.0,3.0,3.0,4.0,3.0,1.0,3.0,2.0,3.0,5.0,4.0,3.0,5.0,2.0,3.0,4.0
54,26601.0,A,B,A,C,S,B,C,C,A,170.0,3.0,3.0,1.0,6,000,?,?,?,?,?,?,?,?,?,?,?,?,?,?,?,?,?,?,?,?
55,26606.0,A,A,A,B,C,B,B,A,A,118.0,?,?,2.0,0,0,3.0,5.0,3.0,2.0,5.0,4.0,1.0,5.0,4.0,4.0,4.0,4.0,5.0,5.0,3.0,5.0,4.0,4.0,6.0,4.0
56,26613.0,A,A,A,A,B,S,A,S,C,174.0,3.0,3.0,2.0,1,011,3.0,5.0,5.0,3.0,4.0,5.0,5.0,5.0,5.0,5.0,5.0,5.0,6.0,5.0,5.0,5.0,5.0,5.0,5.0,5.0
57,26623.0,A,C,B,C,S,C,A,B,C,?,?,?,?,2,111,?,?,?,?,?,?,?,?,?,?,?,?,?,?,?,?,?,?,?,?
58,26649.0,A,C,A,C,S,S,C,S,S,?,?,?,?,1,100,?,?,?,?,?,?,?,?,?,?,?,?,?,?,?,?,?,?,?,?
59,26677.0,A,A,A,S,C,F,F,B,B,169.0,?,?,0.0,0,111,3.0,4.0,5.0,4.0,3.0,3.0,5.0,2.0,2.0,3.0,5.0,4.0,3.0,3.0,4.0,4.0,4.0,3.0,4.0,4.0
60,26674.0,B,A,C,F,S,F,A,B,A,171.0,4.0,4.0,?,3,111,5.0,4.0,3.0,5.0,3.0,6.0,1.0,1.0,1.0,1.0,1.0,1.0,4.0,4.0,5.0,5.0,5.0,5.0,1.0,6.0
61,66675.0,B,S,S,F,F,F,S,F,F,?,?,?,?,3,111,?,?,?,?,?,?,?,?,?,?,?,?,?,?,?,?,?,?,?,?
62,26676.0,S,S,S,F,S,C,F,F,F,162.0,4.0,4.0,2.0,0,0,6.0,5.0,4.0,2.0,3.0,3.0,4.0,1.0,2.0,3.0,3.0,2.0,5.0,4.0,6.0,3.0,5.0,5.0,1.0,4.0
63,26680.0,C,S,S,F,F,B,F,F,F,?,?,?,?,0,0,?,?,?,?,?,?,?,?,?,?,?,?,?,?,?,?,?,?,?,?
64,26705.0,C,S,C,F,F,S,F,F,F,?,?,?,?,2006,011,?,?,?,?,?,?,?,?,?,?,?,?,?,?,?,?,?,?,?,?
65,26711.0,A,B,C,S,S,A,F,S,B,136.0,?,?,2.0,0,0,4.0,3.0,6.0,3.0,3.0,3.0,6.0,6.0,3.0,4.0,3.0,6.0,3.0,3.0,6.0,3.0,6.0,6.0,6.0,3.0
66,26715.0,A,B,B,S,B,F,S,C,C,146.0,3.0,3.0,2.0,5,111,3.0,5.0,4.0,3.0,4.0,3.0,4.0,3.0,3.0,3.0,5.0,3.0,3.0,3.0,5.0,5.0,5.0,5.0,3.0,5.0
67,26719.0,A,B,C,S,C,B,C,S,S,173.0,4.0,4.0,1.0,0,0,4.0,3.0,5.0,1.0,3.0,2.0,4.0,1.0,5.0,2.0,5.0,2.0,5.0,4.0,3.0,5.0,5.0,3.0,5.0,5.0
68,26728.0,B,C,B,C,S,B,F,S,A,139.0,4.0,4.0,2.0,4,111,3.0,3.0,5.0,1.0,3.0,3.0,5.0,1.0,3.0,4.0,5.0,3.0,2.0,4.0,5.0,3.0,3.0,4.0,5.0,4.0
69,26736.0,A,A,C,F,F,S,B,F,S,?,?,?,?,3,111,?,?,?,?,?,?,?,?,?,?,?,?,?,?,?,?,?,?,?,?
70,26752.0,B,C,A,S,S,A,B,C,B,132.0,2.0,2.0,2.0,0,0,?,?,?,?,?,?,?,?,?,?,?,?,?,?,?,?,?,?,?,?
71,26754.0,C,C,A,C,S,S,B,B,B,181.0,4.0,4.0,2.0,3,111,4.0,4.0,5.0,4.0,5.0,3.0,2.0,4.0,1.0,1.0,4.0,2.0,2.0,3.0,5.0,3.0,5.0,1.0,3.0,4.0
72,26758.0,B,A,S,B,A,C,A,C,C,154.0,3.0,3.0,1.0,1,100,5.0,5.0,3.0,1.0,5.0,5.0,5.0,1.0,5.0,5.0,3.0,1.0,5.0,5.0,5.0,5.0,5.0,5.0,3.0,5.0
73,26764.0,A,A,A,S,S,B,C,A,A,146.0,3.0,3.0,1.0,2,111,3.0,?,4.0,3.0,3.0,3.0,3.0,3.0,3.0,4.0,2.0,6.0,6.0,3.0,3.0,6.0,4.0,3.0,6.0,6.0
74,26765.0,A,A,A,C,S,A,A,C,S,?,?,?,?,1,111,?,?,?,?,?,?,?,?,?,?,?,?,?,?,?,?,?,?,?,?
75,26767.0,B,B,A,B,S,A,S,S,S,74.0,3.0,3.0,1.0,0,0,1.0,5.0,4.0,6.0,4.0,1.0,1.0,1.0,5.0,1.0,1.0,1.0,1.0,1.0,3.0,1.0,5.0,1.0,1.0,2.0
76,26778.0,S,S,B,B,A,C,S,C,A,?,?,?,?,0,111,?,?,?,?,?,?,?,?,?,?,?,?,?,?,?,?,?,?,?,?
77,26783.0,B,B,C,C,C,C,B,C,A,132.0,3.0,3.0,1.0,3,111,?,?,?,?,?,?,?,?,?,?,?,?,?,?,?,?,?,?,?,?
78,26787.0,C,C,B,F,S,S,C,A,A,?,?,?,?,0,0,?,?,?,?,?,?,?,?,?,?,?,?,?,?,?,?,?,?,?,?
79,76796.0,C,S,S,S,S,S,C,C,B,?,?,?,?,3,111,?,?,?,?,?,?,?,?,?,?,?,?,?,?,?,?,?,?,?,?
80,26803.0,C,S,S,S,F,F,C,C,C,85.0,2.0,3.0,1.0,3,011,3.0,4.0,5.0,6.0,4.0,3.0,1.0,6.0,5.0,3.0,3.0,3.0,5.0,3.0,6.0,2.0,3.0,5.0,6.0,4.0
81,27219.0,A,B,C,S,F,F,C,F,F,129.0,4.0,4.0,1.0,6,111,4.0,4.0,4.0,1.0,3.0,1.0,5.0,3.0,3.0,2.0,4.0,3.0,6.0,3.0,4.0,5.0,5.0,4.0,5.0,5.0
82,28459.0,A,A,C,F,F,S,S,F,S,190.0,4.0,4.0,1.0,3,001,4.0,3.0,2.0,3.0,4.0,2.0,2.0,4.0,3.0,5.0,1.0,1.0,3.0,3.0,3.0,4.0,5.0,3.0,1.0,3.0
83,28465.0,B,C,B,F,S,S,F,F,S,187.0,?,?,1.0,3,111,3.0,3.0,6.0,2.0,3.0,2.0,6.0,2.0,2.0,3.0,4.0,3.0,3.0,3.0,3.0,6.0,4.0,2.0,2.0,3.0
84,28473.0,A,A,S,C,F,S,F,F,S,185.0,3.0,4.0,1.0,1,001,5.0,4.0,4.0,1.0,3.0,3.0,4.0,1.0,5.0,5.0,4.0,1.0,5.0,3.0,5.0,4.0,5.0,3.0,3.0,3.0
85,28479.0,A,A,B,S,S,C,F,C,S,184.0,2.0,3.0,3.0,3,111,?,?,?,?,?,?,?,?,?,?,?,?,?,?,?,?,?,?,?,?
86,28486.0,A,A,S,F,F,S,S,S,S,183.0,3.0,3.0,1.0,2,111,3.0,4.0,6.0,4.0,2.0,3.0,6.0,3.0,5.0,3.0,5.0,2.0,4.0,3.0,5.0,4.0,3.0,3.0,4.0,5.0
87,28493.0,A,A,A,F,S,A,S,S,S,182.0,3.0,3.0,1.0,2,111,?,?,?,?,?,?,?,?,?,?,?,?,?,?,?,?,?,?,?,?
88,28501.0,A,B,A,S,F,S,F,F,C,182.0,4.0,3.0,1.0,1,111,4.0,3.0,3.0,1.0,3.0,3.0,3.0,3.0,3.0,3.0,4.0,2.0,3.0,5.0,4.0,4.0,5.0,3.0,3.0,5.0
89,28507.0,A,A,B,A,A,B,S,S,S,185.0,3.0,3.0,1.0,6,001,3.0,4.0,3.0,5.0,5.0,1.0,3.0,5.0,3.0,2.0,3.0,3.0,1.0,3.0,5.0,4.0,3.0,3.0,2.0,4.0
90,26555.0,A,A,A,B,C,C,S,C,A,175.0,3.0,3.0,1.0,5,0,4.0,5.0,5.0,4.0,5.0,3.0,3.0,3.0,5.0,3.0,1.0,1.0,5.0,5.0,5.0,5.0,5.0,5.0,4.0,5.0
91,26556.0,A,A,A,B,B,A,A,B,B,149.0,3.0,3.0,2.0,1,111,3.0,4.0,3.0,3.0,4.0,3.0,3.0,1.0,4.0,3.0,4.0,2.0,3.0,4.0,5.0,3.0,4.0,4.0,3.0,5.0
92,26561.0,A,A,A,B,C,A,B,C,A,160.0,4.0,4.0,2.0,0,0,4.0,4.0,2.0,3.0,4.0,5.0,3.0,1.0,5.0,5.0,5.0,1.0,5.0,3.0,5.0,5.0,5.0,5.0,3.0,3.0
93,26577.0,A,C,A,S,B,C,B,B,S,189.0,3.0,3.0,?,5,111,3.0,4.0,5.0,6.0,5.0,3.0,4.0,4.0,2.0,5.0,4.0,3.0,2.0,4.0,5.0,4.0,5.0,3.0,3.0,5.0
94,26583.0,A,B,A,A,A,A,B,B,B,183.0,3.0,4.0,1.0,3,011,4.0,4.0,3.0,2.0,4.0,3.0,2.0,3.0,5.0,4.0,3.0,2.0,2.0,4.0,5.0,6.0,5.0,4.0,3.0,4.0
95,26589.0,A,B,C,S,C,S,B,S,A,165.0,2.0,2.0,2.0,5,011,3.0,3.0,3.0,1.0,4.0,3.0,3.0,1.0,4.0,4.0,4.0,2.0,3.0,3.0,4.0,4.0,4.0,3.0,3.0,3.0
96,26590.0,A,C,B,B,A,B,A,A,C,170.0,3.0,4.0,2.0,5,111,5.0,3.0,4.0,3.0,5.0,3.0,6.0,2.0,1.0,3.0,4.0,1.0,3.0,3.0,3.0,6.0,5.0,1.0,3.0,5.0
97,26600.0,B,C,S,F,S,C,B,C,S,?,?,?,?,0,0,?,?,?,?,?,?,?,?,?,?,?,?,?,?,?,?,?,?,?,?
98,26602.0,A,C,C,F,S,S,F,F,B,149.0,3.0,3.0,2.0,3,011,3.0,4.0,1.0,1.0,3.0,2.0,1.0,1.0,3.0,4.0,4.0,2.0,3.0,3.0,4.0,2.0,3.0,2.0,2.0,2.0
99,26612.0,A,C,A,S,F,B,C,F,S,137.0,4.0,4.0,1.0,0,0,4.0,5.0,5.0,2.0,4.0,6.0,3.0,1.0,5.0,3.0,3.0,1.0,4.0,5.0,5.0,3.0,5.0,3.0,6.0,4.0
100,26619.0,A,S,B,F,F,C,S,C,S,?,?,?,?,0,111,?,?,?,?,?,?,?,?,?,?,?,?,?,?,?,?,?,?,?,?
101,26634.0,B,A,B,A,C,C,F,C,B,?,4.0,4.0,1.0,2,111,?,?,?,?,?,?,?,?,?,?,?,?,?,?,?,?,?,?,?,?
102,26636.0,C,S,S,C,C,F,A,F,S,?,?,?,?,0,0,?,?,?,?,?,?,?,?,?,?,?,?,?,?,?,?,?,?,?,?
103,26666.0,S,A,C,F,C,C,S,F,F,148.0,4.0,4.0,1.0,1,111,6.0,4.0,4.0,2.0,6.0,3.0,4.0,2.0,4.0,1.0,5.0,4.0,2.0,3.0,1.0,3.0,3.0,3.0,5.0,3.0
104,26663.0,A,C,F,F,F,F,S,F,F,168.0,4.0,4.0,2.0,7,111,4.0,3.0,2.0,3.0,3.0,3.0,2.0,3.0,3.0,2.0,4.0,1.0,3.0,3.0,5.0,3.0,5.0,4.0,3.0,3.0
105,26564.0,A,C,B,C,S,C,F,F,F,172.0,3.0,3.0,1.0,5,111,3.0,4.0,1.0,1.0,1.0,2.0,3.0,1.0,1.0,1.0,3.0,1.0,1.0,1.0,5.0,5.0,5.0,5.0,3.0,4.0
106,26669.0,A,A,C,F,S,S,F,S,S,164.0,4.0,?,1.0,1,011,3.0,3.0,4.0,2.0,2.0,3.0,3.0,3.0,2.0,1.0,3.0,3.0,2.0,2.0,5.0,4.0,3.0,1.0,3.0,4.0
107,26673.0,A,S,B,S,S,B,F,F,F,?,?,?,?,0,0,?,?,?,?,?,?,?,?,?,?,?,?,?,?,?,?,?,?,?,?
108,26696.0,A,S,B,S,F,B,F,B,B,?,?,?,?,0,0,?,?,?,?,?,?,?,?,?,?,?,?,?,?,?,?,?,?,?,?
109,26702.0,C,F,S,C,C,F,F,F,C,126.0,3.0,3.0,2.0,3,111,3.0,3.0,1.0,4.0,1.0,2.0,1.0,2.0,4.0,4.0,3.0,1.0,4.0,4.0,4.0,4.0,4.0,3.0,5.0,5.0
110,26703.0,C,S,S,B,C,S,S,F,F,127.0,3.0,3.0,1.0,0,111,3.0,4.0,3.0,3.0,3.0,4.0,3.0,6.0,4.0,3.0,4.0,3.0,3.0,5.0,2.0,3.0,3.0,3.0,2.0,1.0
111,26713.0,A,B,S,F,S,F,S,F,S,138.0,3.0,3.0,2.0,0,0,?,?,?,?,?,?,?,?,?,?,?,?,?,?,?,?,?,?,?,?
112,?,B,S,S,F,F,S,F,F,S,166.0,3.0,?,2.0,1,111,5.0,3.0,5.0,1.0,5.0,1.0,1.0,5.0,1.0,1.0,5.0,5.0,1.0,1.0,5.0,5.0,3.0,3.0,1.0,1.0
113,26711.0,B,A,C,F,F,F,F,F,F,136.0,?,?,2.0,1,111,4.0,3.0,6.0,3.0,3.0,3.0,6.0,6.0,3.0,4.0,3.0,6.0,3.0,3.0,6.0,3.0,6.0,6.0,6.0,3.0
114,26725.0,A,S,C,F,F,B,F,F,F,150.0,3.0,3.0,1.0,1,011,3.0,5.0,5.0,3.0,3.0,3.0,5.0,5.0,5.0,4.0,5.0,5.0,3.0,3.0,5.0,3.0,5.0,2.0,4.0,3.0
115,26733.0,C,S,A,C,F,C,F,F,F,142.0,3.0,3.0,1.0,3,111,3.0,4.0,1.0,4.0,2.0,2.0,1.0,2.0,5.0,3.0,4.0,3.0,2.0,4.0,4.0,3.0,3.0,1.0,3.0,3.0
116,26751.0,A,B,C,S,S,F,F,F,F,186.0,4.0,3.0,2.0,0,0,3.0,3.0,2.0,5.0,5.0,1.0,3.0,5.0,1.0,1.0,3.0,2.0,1.0,1.0,5.0,3.0,5.0,3.0,3.0,5.0
117,?,C,C,S,A,F,C,F,F,B,?,?,?,?,0,0,?,?,?,?,?,?,?,?,?,?,?,?,?,?,?,?,?,?,?,?
118,26756.0,A,A,C,S,S,C,F,S,S,146.0,3.0,3.0,2.0,3,111,3.0,3.0,2.0,4.0,3.0,2.0,2.0,4.0,2.0,3.0,4.0,4.0,3.0,3.0,2.0,3.0,3.0,3.0,3.0,3.0
119,26762.0,A,C,C,S,F,F,F,F,S,160.0,2.0,2.0,2.0,0,0,3.0,3.0,4.0,2.0,4.0,3.0,2.0,3.0,4.0,4.0,4.0,3.0,3.0,4.0,4.0,4.0,4.0,3.0,3.0,3.0
120,26773.0,A,B,B,F,F,S,S,F,F,?,?,?,?,3,111,?,?,?,?,?,?,?,?,?,?,?,?,?,?,?,?,?,?,?,?
121,26775.0,B,C,S,S,F,A,F,F,B,?,?,?,?,0,111,?,?,?,?,?,?,?,?,?,?,?,?,?,?,?,?,?,?,?,?
122,26782.0,S,S,B,S,S,C,S,C,F,148.0,3.0,3.0,1.0,0,0,3.0,5.0,5.0,1.0,3.0,1.0,1.0,3.0,3.0,1.0,5.0,3.0,1.0,1.0,1.0,3.0,5.0,3.0,3.0,3.0
123,26793.0,A,A,C,S,S,A,F,F,B,?,?,?,?,1,111,?,?,?,?,?,?,?,?,?,?,?,?,?,?,?,?,?,?,?,?
124,26799.0,A,A,S,S,C,S,F,C,C,144.0,2.0,2.0,1.0,1,100,?,?,?,?,?,?,?,?,?,?,?,?,?,?,?,?,?,?,?,?
125,26809.0,A,C,A,S,F,B,F,S,B,?,?,?,?,4,100,?,?,?,?,?,?,?,?,?,?,?,?,?,?,?,?,?,?,?,?
126,26810.0,B,S,A,F,S,A,S,C,S,168.0,1.0,4.0,1.0,5,111,3.0,5.0,1.0,4.0,5.0,3.0,1.0,5.0,3.0,3.0,3.0,1.0,5.0,3.0,1.0,5.0,5.0,5.0,3.0,5.0
127,28460.0,C,C,B,A,A,B,F,S,S,189.0,4.0,3.0,2.0,0,0,3.0,3.0,4.0,3.0,3.0,2.0,4.0,3.0,3.0,4.0,4.0,6.0,2.0,3.0,5.0,3.0,4.0,2.0,4.0,4.0
128,28477.0,A,S,C,S,B,S,B,S,A,184.0,3.0,3.0,2.0,5,111,3.0,4.0,3.0,2.0,4.0,5.0,5.0,1.0,5.0,3.0,4.0,1.0,4.0,5.0,5.0,5.0,5.0,5.0,3.0,4.0
129,?,A,C,S,S,F,C,S,A,C,184.0,3.0,3.0,1.0,1,111,?,?,?,?,?,?,?,?,?,?,?,?,?,?,?,?,?,?,?,?
130,28487.0,B,S,C,F,F,B,C,S,F,183.0,3.0,3.0,2.0,0,001,3.0,4.0,3.0,4.0,3.0,3.0,4.0,3.0,4.0,3.0,4.0,3.0,3.0,3.0,3.0,3.0,5.0,3.0,3.0,3.0
131,28494.0,A,B,C,F,S,C,A,S,S,182.0,4.0,4.0,?,0,0,3.0,4.0,1.0,1.0,3.0,3.0,4.0,1.0,5.0,3.0,4.0,1.0,4.0,3.0,5.0,3.0,5.0,2.0,3.0,4.0
132,28495.0,A,A,B,C,S,C,C,F,F,182.0,3.0,3.0,1.0,0,0,3.0,5.0,4.0,3.0,5.0,3.0,4.0,5.0,1.0,2.0,3.0,3.0,2.0,2.0,5.0,3.0,5.0,3.0,2.0,3.0
133,28497.0,B,C,B,F,F,B,F,S,B,182.0,4.0,3.0,2.0,0,0,3.0,3.0,4.0,4.0,4.0,2.0,2.0,3.0,1.0,2.0,3.0,5.0,3.0,3.0,3.0,3.0,2.0,1.0,2.0,4.0
134,28502.0,A,C,A,B,C,B,F,F,S,182.0,4.0,4.0,1.0,0,0,3.0,4.0,3.0,5.0,5.0,1.0,5.0,5.0,1.0,1.0,5.0,1.0,3.0,5.0,5.0,6.0,3.0,3.0,4.0,5.0
135,26568.0,A,A,C,B,C,A,S,C,B,149.0,2.0,4.0,1.0,3,100,4.0,6.0,3.0,2.0,4.0,3.0,2.0,2.0,5.0,5.0,5.0,4.0,1.0,3.0,5.0,4.0,5.0,3.0,4.0,5.0
136,26576.0,A,A,S,C,A,C,F,C,C,124.0,3.0,3.0,2.0,0,0,5.0,5.0,4.0,6.0,4.0,3.0,3.0,4.0,3.0,2.0,3.0,4.0,2.0,4.0,4.0,6.0,5.0,4.0,6.0,3.0
137,26580.0,A,A,A,S,C,S,A,F,S,?,?,?,?,0,0,?,?,?,?,?,?,?,?,?,?,?,?,?,?,?,?,?,?,?,?
138,26582.0,A,S,A,F,F,A,C,C,A,151.0,?,?,2.0,5,100,3.0,4.0,5.0,3.0,5.0,3.0,4.0,3.0,5.0,3.0,5.0,4.0,4.0,3.0,5.0,5.0,5.0,5.0,5.0,5.0
139,26588.0,C,S,A,B,A,A,A,F,A,157.0,3.0,3.0,2.0,1,111,3.0,3.0,4.0,3.0,3.0,3.0,6.0,1.0,5.0,1.0,5.0,3.0,5.0,5.0,6.0,3.0,5.0,3.0,5.0,3.0
140,26596.0,B,B,C,A,S,A,S,A,A,142.0,2.0,1.0,1.0,1,111,3.0,4.0,2.0,?,2.0,?,3.0,2.0,2.0,4.0,3.0,5.0,2.0,3.0,4.0,5.0,2.0,3.0,1.0,2.0
141,26608.0,B,A,C,A,B,C,F,A,A,132.0,3.0,3.0,1.0,3,0,?,?,?,?,?,?,?,?,?,?,?,?,?,?,?,?,?,?,?,?
142,26609.0,B,B,C,F,F,B,A,A,B,?,?,?,1.0,5,001,4.0,3.0,2.0,5.0,6.0,6.0,6.0,4.0,6.0,1.0,6.0,4.0,1.0,3.0,6.0,2.0,3.0,2.0,3.0,4.0
143,26622.0,C,A,B,C,C,C,A,S,S,99.0,3.0,3.0,1.0,1,001,3.0,3.0,5.0,4.0,6.0,4.0,6.0,1.0,4.0,2.0,4.0,4.0,6.0,4.0,4.0,4.0,3.0,2.0,3.0,6.0
144,26630.0,A,A,C,S,S,C,B,B,C,?,?,?,?,3,111,?,?,?,?,?,?,?,?,?,?,?,?,?,?,?,?,?,?,?,?
145,26652.0,A,C,B,S,S,F,S,F,F,176.0,4.0,4.0,1.0,7,100,5.0,5.0,1.0,1.0,3.0,3.0,1.0,3.0,3.0,2.0,3.0,1.0,5.0,5.0,3.0,5.0,5.0,5.0,1.0,4.0
146,26657.0,A,B,A,F,F,C,S,F,B,135.0,4.0,4.0,2.0,0,111,3.0,4.0,3.0,1.0,4.0,3.0,3.0,1.0,2.0,1.0,2.0,4.0,6.0,3.0,4.0,3.0,6.0,6.0,3.0,6.0
147,26658.0,A,S,C,S,S,A,F,A,A,175.0,4.0,4.0,1.0,0,0,4.0,3.0,3.0,3.0,3.0,3.0,4.0,3.0,1.0,4.0,3.0,2.0,2.0,3.0,4.0,4.0,4.0,2.0,3.0,4.0
148,26659.0,A,C,C,A,A,C,F,S,S,152.0,3.0,4.0,1.0,3,0,3.0,5.0,3.0,1.0,5.0,2.0,5.0,3.0,3.0,1.0,4.0,1.0,1.0,3.0,5.0,3.0,5.0,3.0,5.0,5.0
149,26689.0,A,A,S,C,S,B,F,A,C,155.0,3.0,3.0,2.0,1,111,3.0,3.0,3.0,3.0,4.0,2.0,3.0,4.0,5.0,1.0,5.0,3.0,2.0,3.0,5.0,4.0,3.0,3.0,4.0,4.0
150,26694.0,A,B,A,S,C,F,B,S,S,149.0,3.0,3.0,1.0,0,0,4.0,3.0,5.0,4.0,3.0,2.0,5.0,5.0,1.0,1.0,5.0,3.0,2.0,4.0,4.0,3.0,3.0,2.0,4.0,5.0
151,26701.0,B,C,B,S,F,B,C,S,C,169.0,4.0,3.0,1.0,0,0,3.0,4.0,2.0,3.0,5.0,3.0,4.0,2.0,1.0,1.0,1.0,2.0,2.0,3.0,5.0,3.0,3.0,3.0,2.0,3.0
152,26710.0,A,S,B,C,S,B,S,F,S,181.0,3.0,3.0,1.0,0,0,2.0,4.0,4.0,2.0,4.0,1.0,4.0,4.0,4.0,1.0,4.0,3.0,3.0,1.0,5.0,4.0,5.0,3.0,3.0,3.0
153,26712.0,A,S,C,C,S,S,S,S,S,128.0,?,?,1.0,0,0,3.0,5.0,6.0,3.0,5.0,2.0,5.0,5.0,3.0,6.0,5.0,3.0,5.0,3.0,5.0,5.0,5.0,3.0,5.0,5.0
154,26714.0,A,B,S,F,F,F,S,F,S,?,?,?,?,3,0,?,?,?,?,?,?,?,?,?,?,?,?,?,?,?,?,?,?,?,?
155,26724.0,A,F,C,S,F,S,S,F,S,?,?,?,?,7,110,?,?,?,?,?,?,?,?,?,?,?,?,?,?,?,?,?,?,?,?
156,26731.0,F,A,C,C,F,F,C,F,A,167.0,3.0,3.0,2.0,0,100,3.0,4.0,1.0,5.0,6.0,1.0,6.0,3.0,2.0,3.0,3.0,1.0,6.0,3.0,5.0,3.0,2.0,3.0,6.0,3.0
157,26746.0,A,S,F,F,F,A,F,S,F,139.0,3.0,4.0,2.0,3,111,3.0,4.0,2.0,2.0,4.0,4.0,2.0,3.0,3.0,2.0,4.0,3.0,2.0,2.0,4.0,4.0,4.0,3.0,2.0,4.0
158,26748.0,A,S,B,C,C,F,F,F,S,163.0,3.0,2.0,1.0,3,0,3.0,4.0,6.0,3.0,5.0,1.0,3.0,3.0,1.0,5.0,5.0,4.0,1.0,3.0,5.0,5.0,4.0,3.0,3.0,2.0
159,26753.0,A,A,F,F,F,S,F,B,F,?,?,?,?,0,111,?,?,?,?,?,?,?,?,?,?,?,?,?,?,?,?,?,?,?,?
160,26760.0,A,S,F,S,F,F,F,F,F,138.0,3.0,4.0,2.0,1,110,3.0,4.0,6.0,4.0,5.0,4.0,2.0,2.0,3.0,2.0,5.0,2.0,3.0,4.0,4.0,4.0,3.0,2.0,5.0,5.0
161,26768.0,A,A,A,F,F,F,A,F,B,95.0,3.0,2.0,1.0,3,110,3.0,4.0,6.0,3.0,3.0,3.0,2.0,3.0,2.0,2.0,5.0,3.0,2.0,3.0,4.0,4.0,3.0,3.0,2.0,3.0
162,26770.0,A,C,C,F,F,A,F,F,S,150.0,3.0,3.0,3.0,0,0,3.0,3.0,1.0,2.0,5.0,1.0,1.0,5.0,5.0,1.0,1.0,1.0,1.0,5.0,3.0,5.0,3.0,3.0,1.0,3.0
163,26771.0,A,S,A,B,C,S,F,F,A,140.0,1.0,1.0,2.0,7,0,5.0,5.0,3.0,1.0,3.0,4.0,4.0,3.0,3.0,5.0,4.0,5.0,4.0,4.0,4.0,4.0,5.0,5.0,4.0,5.0
164,26788.0,A,C,C,S,F,B,S,S,B,134.0,3.0,4.0,1.0,0,0,4.0,5.0,5.0,1.0,1.0,2.0,5.0,2.0,4.0,3.0,4.0,3.0,3.0,3.0,5.0,3.0,5.0,4.0,5.0,3.0
165,26789.0,A,C,S,B,C,B,B,F,A,?,?,?,?,4,0,?,?,?,?,?,?,?,?,?,?,?,?,?,?,?,?,?,?,?,?
166,26792.0,A,A,C,C,S,B,S,C,C,139.0,3.0,3.0,?,1,001,4.0,5.0,3.0,2.0,3.0,2.0,3.0,2.0,4.0,3.0,5.0,3.0,6.0,3.0,5.0,5.0,5.0,5.0,3.0,2.0
167,26798.0,A,C,C,B,C,F,C,S,S,151.0,4.0,4.0,?,0,0,4.0,4.0,5.0,2.0,3.0,4.0,4.0,3.0,5.0,4.0,5.0,3.0,4.0,3.0,4.0,4.0,3.0,3.0,5.0,5.0
168,26807.0,B,S,B,S,F,C,C,A,C,157.0,3.0,3.0,?,0,0,3.0,4.0,2.0,1.0,3.0,3.0,1.0,3.0,5.0,3.0,3.0,3.0,3.0,4.0,5.0,3.0,5.0,3.0,6.0,4.0
169,26808.0,A,S,B,C,F,C,A,F,B,?,?,?,?,2,111,?,?,?,?,?,?,?,?,?,?,?,?,?,?,?,?,?,?,?,?
170,26813.0,A,B,C,C,C,C,S,F,C,146.0,3.0,3.0,1.0,1,001,3.0,3.0,4.0,5.0,5.0,6.0,3.0,5.0,5.0,1.0,4.0,4.0,2.0,5.0,2.0,3.0,1.0,5.0,4.0,5.0
171,28457.0,A,A,S,C,F,S,F,S,F,191.0,3.0,4.0,1.0,0,000,3.0,4.0,3.0,3.0,6.0,1.0,3.0,3.0,3.0,1.0,4.0,3.0,2.0,3.0,6.0,4.0,5.0,4.0,4.0,5.0
172,28463.0,A,F,B,A,S,F,C,S,F,188.0,3.0,4.0,2.0,0,001,3.0,4.0,4.0,2.0,5.0,3.0,4.0,4.0,2.0,2.0,5.0,3.0,2.0,3.0,5.0,4.0,3.0,1.0,3.0,4.0
173,28467.0,B,A,A,F,F,S,C,S,A,186.0,3.0,3.0,?,1,111,?,?,?,?,?,?,?,?,?,?,?,?,?,?,?,?,?,?,?,?
174,28475.0,A,C,C,S,S,A,S,F,C,?,?,?,?,3,100,?,?,?,?,?,?,?,?,?,?,?,?,?,?,?,?,?,?,?,?
175,28481.0,A,C,A,A,A,B,F,S,A,184.0,3.0,4.0,2.0,0,0,?,?,?,?,?,?,?,?,?,?,?,?,?,?,?,?,?,?,?,?
176,28495.0,A,B,B,A,B,C,S,A,S,182.0,3.0,3.0,1.0,3,100,3.0,5.0,4.0,3.0,5.0,3.0,4.0,5.0,1.0,2.0,3.0,3.0,2.0,2.0,5.0,3.0,5.0,3.0,2.0,3.0
177,28504.0,B,A,B,C,C,F,A,S,B,182.0,1.0,2.0,2.0,4,111,4.0,5.0,3.0,2.0,5.0,5.0,4.0,5.0,5.0,1.0,1.0,2.0,2.0,1.0,5.0,3.0,5.0,4.0,1.0,5.0
178,28488.0,A,F,A,S,S,B,A,C,B,183.0,3.0,3.0,?,3,010,?,?,?,?,?,?,?,?,?,?,?,?,?,?,?,?,?,?,?,?
179,?,A,S,A,F,F,B,B,S,A,?,?,?,?,3,111,?,?,?,?,?,?,?,?,?,?,?,?,?,?,?,?,?,?,?,?
180,26559.0,A,C,B,S,S,A,F,S,C,152.0,3.0,3.0,2.0,3,111,4.0,4.0,3.0,4.0,5.0,1.0,4.0,3.0,1.0,1.0,5.0,5.0,6.0,3.0,5.0,4.0,4.0,5.0,6.0,3.0
181,26584.0,A,A,S,C,B,F,C,S,A,?,?,?,?,3,111,?,?,?,?,?,?,?,?,?,?,?,?,?,?,?,?,?,?,?,?
182,26586.0,A,A,B,S,S,A,C,C,A,?,?,?,?,8,111,?,?,?,?,?,?,?,?,?,?,?,?,?,?,?,?,?,?,?,?
183,26591.0,A,A,A,C,C,A,C,C,A,141.0,3.0,3.0,2.0,0,111,3.0,6.0,4.0,4.0,4.0,3.0,5.0,4.0,5.0,3.0,5.0,4.0,2.0,4.0,5.0,3.0,5.0,5.0,2.0,3.0
184,26597.0,C,C,B,B,B,A,S,B,A,161.0,3.0,3.0,2.0,13,001,3.0,3.0,?,4.0,4.0,2.0,6.0,3.0,2.0,1.0,3.0,6.0,1.0,3.0,4.0,3.0,3.0,5.0,6.0,3.0
185,26599.0,A,S,A,A,A,A,B,A,A,163.0,3.0,3.0,?,0,0,2.0,5.0,1.0,1.0,5.0,1.0,1.0,1.0,1.0,1.0,1.0,5.0,1.0,1.0,5.0,1.0,1.0,5.0,1.0,5.0
186,26621.0,A,B,A,A,A,A,A,A,A,?,?,?,?,2,101,?,?,?,?,?,?,?,?,?,?,?,?,?,?,?,?,?,?,?,?
187,26625.0,S,B,F,A,A,C,A,A,A,130.0,3.0,3.0,1.0,0,0,?,?,?,?,?,?,?,?,?,?,?,?,?,?,?,?,?,?,?,?
188,26628.0,C,S,C,S,S,C,A,A,A,89.0,4.0,4.0,2.0,0,0,3.0,4.0,4.0,6.0,5.0,5.0,6.0,5.0,5.0,6.0,5.0,5.0,5.0,2.0,6.0,5.0,5.0,5.0,6.0,5.0
189,26629.0,A,F,A,C,C,A,A,S,B,155.0,4.0,4.0,1.0,1,001,1.0,3.0,4.0,3.0,5.0,1.0,4.0,4.0,4.0,1.0,4.0,5.0,2.0,1.0,5.0,5.0,1.0,1.0,5.0,5.0
190,26632.0,A,A,S,A,A,A,B,A,A,153.0,?,?,1.0,1,111,3.0,4.0,1.0,6.0,4.0,1.0,6.0,6.0,4.0,6.0,6.0,4.0,6.0,6.0,6.0,3.0,4.0,1.0,1.0,6.0
191,26633.0,A,A,F,A,B,S,S,A,A,?,?,?,?,3,111,?,?,?,?,?,?,?,?,?,?,?,?,?,?,?,?,?,?,?,?
192,26639.0,B,A,A,F,F,F,C,C,A,150.0,3.0,2.0,2.0,3,111,3.0,4.0,5.0,1.0,3.0,5.0,5.0,1.0,3.0,4.0,5.0,4.0,2.0,2.0,5.0,5.0,3.0,3.0,5.0,5.0
193,26640.0,A,C,A,S,F,A,C,A,A,120.0,?,3.0,2.0,4,111,4.0,4.0,5.0,6.0,4.0,3.0,6.0,5.0,5.0,5.0,5.0,6.0,2.0,1.0,4.0,5.0,5.0,6.0,3.0,4.0
194,26641.0,A,A,A,A,A,A,S,A,A,?,?,?,?,7,111,?,?,?,?,?,?,?,?,?,?,?,?,?,?,?,?,?,?,?,?
195,26648.0,A,B,B,A,A,A,A,B,A,138.0,3.0,3.0,1.0,6,011,?,?,?,?,?,?,?,?,?,?,?,?,?,?,?,?,?,?,?,?
196,26653.0,A,A,A,B,S,A,C,A,C,148.0,3.0,3.0,2.0,7,0,?,?,?,?,?,?,?,?,?,?,?,?,?,?,?,?,?,?,?,?
197,26661.0,A,B,C,A,A,C,B,B,A,137.0,4.0,4.0,1.0,2,0,?,?,?,?,?,?,?,?,?,?,?,?,?,?,?,?,?,?,?,?
198,26679.0,A,A,B,C,S,B,C,B,A,?,?,?,?,6,111,?,?,?,?,?,?,?,?,?,?,?,?,?,?,?,?,?,?,?,?
199,26681.0,A,A,S,S,C,A,A,C,A,166.0,3.0,4.0,1.0,7,011,3.0,4.0,4.0,3.0,5.0,3.0,5.0,3.0,4.0,3.0,5.0,2.0,1.0,3.0,5.0,3.0,5.0,5.0,5.0,3.0
200,26692.0,A,C,A,A,A,B,S,A,A,?,3.0,4.0,1.0,0,0,1.0,3.0,4.0,3.0,4.0,1.0,3.0,3.0,1.0,1.0,4.0,4.0,1.0,1.0,5.0,5.0,1.0,3.0,4.0,3.0
201,26697.0,B,B,B,C,C,A,A,A,B,154.0,4.0,4.0,2.0,0,0,3.0,3.0,6.0,2.0,6.0,6.0,1.0,5.0,1.0,1.0,1.0,4.0,1.0,1.0,5.0,6.0,3.0,4.0,1.0,1.0
202,26699.0,A,B,A,A,A,A,A,A,B,100.0,3.0,2.0,?,0,111,3.0,4.0,3.0,4.0,6.0,4.0,3.0,6.0,4.0,2.0,4.0,3.0,3.0,4.0,3.0,6.0,4.0,6.0,4.0,3.0
203,26700.0,A,B,A,S,B,A,A,A,A,?,?,?,?,0,0,?,?,?,?,?,?,?,?,?,?,?,?,?,?,?,?,?,?,?,?
204,26704.0,B,A,B,B,B,S,C,B,A,181.0,3.0,1.0,2.0,0,111,3.0,3.0,2.0,4.0,3.0,1.0,1.0,4.0,1.0,1.0,1.0,4.0,1.0,1.0,3.0,4.0,4.0,4.0,1.0,3.0
205,26709.0,S,C,S,F,F,A,B,S,B,172.0,4.0,4.0,1.0,7,011,4.0,5.0,3.0,4.0,5.0,1.0,2.0,5.0,5.0,1.0,4.0,3.0,5.0,3.0,5.0,3.0,4.0,1.0,3.0,4.0
206,26721.0,C,B,A,A,A,C,F,A,C,160.0,3.0,3.0,?,1,111,?,?,?,?,?,?,?,?,?,?,?,?,?,?,?,?,?,?,?,?
207,26734.0,A,S,C,C,C,B,A,A,B,?,?,?,?,6,001,?,?,?,?,?,?,?,?,?,?,?,?,?,?,?,?,?,?,?,?
208,26735.0,A,S,C,S,C,S,B,C,F,87.0,?,?,2.0,3,011,3.0,4.0,2.0,2.0,3.0,5.0,2.0,5.0,2.0,3.0,3.0,5.0,2.0,3.0,5.0,3.0,2.0,4.0,2.0,4.0
209,26741.0,A,A,S,F,F,C,F,F,A,112.0,3.0,3.0,4.0,1,0,4.0,4.0,2.0,4.0,4.0,4.0,4.0,2.0,4.0,4.0,2.0,2.0,4.0,4.0,4.0,6.0,4.0,2.0,4.0,4.0
210,26744.0,A,A,S,C,S,A,F,B,A,171.0,4.0,4.0,2.0,3,0,3.0,3.0,2.0,2.0,4.0,1.0,3.0,3.0,3.0,1.0,4.0,3.0,3.0,3.0,3.0,3.0,2.0,2.0,2.0,1.0
211,26745.0,A,B,A,A,B,A,S,A,A,?,?,?,?,1,011,?,?,?,?,?,?,?,?,?,?,?,?,?,?,?,?,?,?,?,?
212,26759.0,F,B,A,A,A,A,C,A,A,?,?,?,?,0,0,?,?,?,?,?,?,?,?,?,?,?,?,?,?,?,?,?,?,?,?
213,26766.0,S,A,A,A,A,A,A,A,S,160.0,4.0,3.0,?,0,0,6.0,4.0,1.0,1.0,1.0,4.0,1.0,1.0,4.0,4.0,4.0,1.0,4.0,4.0,4.0,4.0,4.0,4.0,6.0,4.0
214,26779.0,S,F,B,C,A,A,F,C,C,133.0,3.0,3.0,1.0,3,011,3.0,3.0,3.0,3.0,4.0,4.0,5.0,6.0,4.0,2.0,4.0,4.0,3.0,2.0,4.0,6.0,4.0,3.0,3.0,3.0
215,26791.0,C,F,A,A,A,S,B,A,C,141.0,3.0,3.0,1.0,12,011,3.0,3.0,3.0,4.0,4.0,3.0,3.0,3.0,5.0,3.0,4.0,3.0,4.0,4.0,4.0,3.0,4.0,4.0,3.0,4.0
216,26806.0,B,S,F,F,F,C,A,C,A,165.0,3.0,3.0,2.0,9,0,?,?,?,?,?,?,?,?,?,?,?,?,?,?,?,?,?,?,?,?
217,28461.0,C,A,F,F,F,S,F,C,B,188.0,3.0,3.0,1.0,0,0,3.0,4.0,?,5.0,5.0,2.0,4.0,5.0,4.0,1.0,1.0,3.0,2.0,3.0,5.0,4.0,5.0,5.0,1.0,3.0
218,28466.0,A,S,S,S,S,A,S,C,A,186.0,3.0,3.0,1.0,3,0,?,?,?,?,?,?,?,?,?,?,?,?,?,?,?,?,?,?,?,?
219,28468.0,C,S,A,A,A,S,S,B,A,186.0,3.0,3.0,3.0,1,0,5.0,3.0,5.0,1.0,3.0,4.0,4.0,1.0,5.0,5.0,4.0,1.0,4.0,4.0,4.0,4.0,5.0,1.0,4.0,3.0
220,28469.0,A,A,F,B,S,A,A,C,A,185.0,3.0,3.0,2.0,1,0,3.0,4.0,2.0,3.0,4.0,3.0,2.0,3.0,4.0,4.0,3.0,2.0,2.0,2.0,3.0,3.0,3.0,3.0,2.0,2.0
221,28482.0,A,C,F,A,A,B,S,A,A,?,?,?,?,0,0,?,?,?,?,?,?,?,?,?,?,?,?,?,?,?,?,?,?,?,?
222,28489.0,A,A,A,A,C,B,F,A,A,?,?,?,?,3,001,?,?,?,?,?,?,?,?,?,?,?,?,?,?,?,?,?,?,?,?
223,28500.0,A,A,C,A,A,A,F,A,A,182.0,3.0,3.0,?,1,111,?,?,?,?,?,?,?,?,?,?,?,?,?,?,?,?,?,?,?,?
224,28594.0,A,A,A,A,A,A,A,A,A,183.0,2.0,2.0,1.0,0,0,4.0,4.0,5.0,2.0,2.0,4.0,5.0,2.0,4.0,1.0,4.0,2.0,2.0,3.0,5.0,3.0,5.0,3.0,4.0,5.0
225,26558.0,A,A,A,A,A,A,A,A,A,?,?,?,?,4,0,?,?,?,?,?,?,?,?,?,?,?,?,?,?,?,?,?,?,?,?
226,26574.0,A,A,A,A,A,A,A,A,B,?,?,?,?,7,0,?,?,?,?,?,?,?,?,?,?,?,?,?,?,?,?,?,?,?,?
227,26575.0,A,B,A,A,A,A,F,A,A,?,?,?,?,2,100,?,?,?,?,?,?,?,?,?,?,?,?,?,?,?,?,?,?,?,?
228,26579.0,B,A,A,A,A,A,A,A,A,?,?,?,?,1,0,?,?,?,?,?,?,?,?,?,?,?,?,?,?,?,?,?,?,?,?
229,26614.0,A,A,C,A,A,A,A,C,A,?,?,?,?,3,0,?,?,?,?,?,?,?,?,?,?,?,?,?,?,?,?,?,?,?,?
230,26616.0,A,S,A,B,A,A,F,A,B,?,?,?,?,5,0,?,?,?,?,?,?,?,?,?,?,?,?,?,?,?,?,?,?,?,?
231,26618.0,A,B,A,A,A,B,A,A,A,122.0,3.0,3.0,1.0,0,0,?,?,?,?,?,?,?,?,?,?,?,?,?,?,?,?,?,?,?,?
232,26620.0,B,B,C,S,S,A,A,A,S,?,?,?,?,1,001,?,?,?,?,?,?,?,?,?,?,?,?,?,?,?,?,?,?,?,?
233,26627.0,C,A,A,A,A,S,F,S,A,164.0,4.0,4.0,2.0,1,0,3.0,3.0,2.0,1.0,4.0,1.0,2.0,3.0,5.0,2.0,5.0,3.0,3.0,3.0,5.0,2.0,5.0,1.0,4.0,5.0
234,26642.0,A,C,A,C,F,S,C,C,A,147.0,?,?,2.0,0,0,3.0,4.0,3.0,2.0,4.0,2.0,4.0,4.0,4.0,4.0,4.0,2.0,2.0,3.0,4.0,4.0,3.0,4.0,4.0,4.0
235,26643.0,A,S,A,S,F,C,C,S,A,155.0,1.0,?,1.0,1,0,3.0,4.0,5.0,3.0,1.0,6.0,3.0,1.0,5.0,1.0,4.0,4.0,1.0,1.0,5.0,6.0,6.0,4.0,1.0,3.0
236,26645.0,A,B,B,A,C,A,S,A,C,176.0,3.0,3.0,2.0,1,0,?,?,?,?,?,?,?,?,?,?,?,?,?,?,?,?,?,?,?,?
237,26646.0,B,A,S,A,A,A,A,A,A,118.0,2.0,2.0,1.0,1,011,3.0,3.0,2.0,4.0,4.0,6.0,2.0,4.0,4.0,6.0,4.0,2.0,4.0,6.0,1.0,4.0,4.0,4.0,1.0,4.0
238,26650.0,C,A,B,A,A,C,A,F,B,115.0,2.0,3.0,?,0,0,1.0,3.0,4.0,3.0,5.0,1.0,6.0,4.0,4.0,1.0,4.0,5.0,2.0,1.0,5.0,4.0,1.0,1.0,6.0,3.0
239,26651.0,A,B,A,A,C,S,S,S,A,?,?,?,?,0,0,?,?,?,?,?,?,?,?,?,?,?,?,?,?,?,?,?,?,?,?
240,26654.0,S,C,A,C,F,A,F,A,A,129.0,3.0,3.0,1.0,0,0,?,?,?,?,?,?,?,?,?,?,?,?,?,?,?,?,?,?,?,?
241,26662.0,C,A,S,A,A,F,A,C,A,173.0,3.0,4.0,1.0,1,111,1.0,3.0,4.0,4.0,4.0,1.0,3.0,4.0,1.0,1.0,4.0,4.0,1.0,1.0,5.0,5.0,1.0,3.0,4.0,3.0
242,26663.0,A,F,S,F,F,B,S,B,F,168.0,4.0,4.0,2.0,3,0,4.0,3.0,2.0,3.0,3.0,3.0,2.0,3.0,3.0,2.0,4.0,1.0,3.0,3.0,5.0,3.0,5.0,4.0,3.0,3.0
243,26667.0,A,S,A,C,C,A,C,A,B,171.0,?,?,1.0,3,011,2.0,5.0,1.0,3.0,3.0,1.0,3.0,4.0,1.0,1.0,4.0,1.0,2.0,6.0,3.0,6.0,5.0,1.0,6.0,3.0
244,26671.0,C,B,F,A,A,A,A,A,B,157.0,4.0,4.0,2.0,1,101,?,4.0,2.0,4.0,4.0,3.0,2.0,4.0,4.0,1.0,2.0,3.0,2.0,2.0,4.0,3.0,3.0,4.0,1.0,2.0
245,26681.0,B,A,S,A,A,A,A,F,A,166.0,3.0,4.0,1.0,0,0,3.0,4.0,4.0,3.0,5.0,3.0,5.0,3.0,4.0,3.0,5.0,2.0,1.0,3.0,5.0,3.0,5.0,5.0,5.0,3.0
246,26684.0,F,C,A,A,C,F,F,A,A,181.0,3.0,3.0,?,3,001,5.0,3.0,6.0,2.0,3.0,3.0,5.0,2.0,4.0,1.0,4.0,1.0,3.0,5.0,4.0,4.0,5.0,3.0,6.0,4.0
247,26685.0,A,A,A,F,F,A,B,B,A,154.0,4.0,4.0,1.0,1,0,4.0,5.0,4.0,3.0,4.0,3.0,4.0,5.0,2.0,4.0,4.0,1.0,4.0,2.0,4.0,4.0,5.0,3.0,2.0,3.0
248,26690.0,S,F,C,A,B,S,F,B,A,161.0,?,4.0,1.0,1,0,3.0,3.0,1.0,3.0,3.0,2.0,1.0,1.0,3.0,1.0,3.0,5.0,2.0,3.0,5.0,3.0,3.0,6.0,1.0,3.0
249,26693.0,A,A,A,C,S,A,S,A,A,172.0,4.0,4.0,1.0,1,111,3.0,4.0,6.0,1.0,4.0,3.0,1.0,3.0,6.0,1.0,6.0,3.0,6.0,3.0,2.0,6.0,3.0,5.0,1.0,2.0
250,26707.0,B,B,F,A,A,B,A,B,A,?,?,?,?,3,0,?,?,?,?,?,?,?,?,?,?,?,?,?,?,?,?,?,?,?,?
251,26717.0,A,C,A,B,C,B,A,A,A,168.0,3.0,3.0,1.0,5,111,3.0,6.0,1.0,3.0,4.0,1.0,1.0,3.0,3.0,1.0,4.0,5.0,6.0,2.0,1.0,6.0,5.0,4.0,2.0,2.0
252,26732.0,A,A,C,B,B,A,C,A,B,153.0,4.0,3.0,2.0,0,0,?,?,?,?,?,?,?,?,?,?,?,?,?,?,?,?,?,?,?,?
253,26738.0,A,B,S,A,A,A,F,A,B,149.0,4.0,4.0,?,0,0,3.0,3.0,3.0,2.0,2.0,2.0,2.0,2.0,3.0,2.0,4.0,3.0,2.0,3.0,3.0,6.0,3.0,3.0,4.0,4.0
254,26740.0,A,B,A,A,A,A,A,C,F,137.0,2.0,3.0,2.0,0,100,3.0,4.0,6.0,3.0,1.0,3.0,1.0,6.0,4.0,1.0,6.0,3.0,1.0,3.0,2.0,6.0,3.0,5.0,3.0,2.0
255,26743.0,B,B,A,A,C,S,F,C,A,?,?,?,?,0,111,?,?,?,?,?,?,?,?,?,?,?,?,?,?,?,?,?,?,?,?
256,26750.0,A,A,A,B,C,A,S,C,A,?,?,?,?,0,0,?,?,?,?,?,?,?,?,?,?,?,?,?,?,?,?,?,?,?,?
257,26774.0,S,C,B,A,S,F,S,F,A,145.0,3.0,3.0,1.0,5,0,3.0,3.0,5.0,3.0,4.0,6.0,4.0,4.0,3.0,4.0,5.0,4.0,3.0,3.0,5.0,4.0,4.0,4.0,4.0,5.0
258,26786.0,C,B,A,F,F,S,F,A,F,148.0,3.0,3.0,1.0,0,0,4.0,3.0,4.0,1.0,1.0,6.0,5.0,1.0,5.0,4.0,5.0,1.0,4.0,5.0,6.0,5.0,5.0,5.0,5.0,5.0
259,26795.0,C,C,A,C,S,S,C,S,A,?,?,?,?,0,0,?,?,?,?,?,?,?,?,?,?,?,?,?,?,?,?,?,?,?,?
260,26797.0,A,F,B,S,C,A,F,A,A,90.0,?,3.0,2.0,5,0,4.0,3.0,2.0,6.0,6.0,4.0,3.0,6.0,4.0,4.0,4.0,4.0,4.0,4.0,3.0,3.0,4.0,3.0,4.0,4.0
261,26800.0,A,F,B,A,A,F,A,F,A,142.0,3.0,4.0,2.0,7,001,?,?,?,?,?,?,?,?,?,?,?,?,?,?,?,?,?,?,?,?
262,26801.0,F,S,F,F,F,C,F,B,A,152.0,3.0,3.0,2.0,3,0,3.0,3.0,4.0,2.0,3.0,3.0,4.0,2.0,5.0,3.0,5.0,3.0,4.0,3.0,3.0,5.0,5.0,4.0,3.0,5.0
263,28470.0,C,A,C,S,S,A,C,A,A,?,?,?,?,5,110,?,?,?,?,?,?,?,?,?,?,?,?,?,?,?,?,?,?,?,?
264,28476.0,A,A,C,A,A,A,A,A,A,?,?,?,?,0,0,?,?,?,?,?,?,?,?,?,?,?,?,?,?,?,?,?,?,?,?
265,28483.0,A,F,A,A,B,A,F,A,A,183.0,3.0,3.0,2.0,4,111,5.0,4.0,1.0,3.0,3.0,6.0,4.0,3.0,5.0,5.0,2.0,4.0,5.0,5.0,5.0,5.0,5.0,3.0,3.0,5.0
266,28490.0,A,S,A,A,A,A,F,A,A,?,?,?,?,5,011,?,?,?,?,?,?,?,?,?,?,?,?,?,?,?,?,?,?,?,?
267,28503.0,A,A,F,A,A,A,A,B,A,?,?,?,?,1,0,?,?,?,?,?,?,?,?,?,?,?,?,?,?,?,?,?,?,?,?
268,?,A,A,C,A,B,A,F,B,A,?,?,?,?,3,0,?,?,?,?,?,?,?,?,?,?,?,?,?,?,?,?,?,?,?,?
269,26554.0,A,A,A,A,A,A,F,A,A,147.0,4.0,3.0,2.0,0,0,3.0,3.0,5.0,3.0,5.0,3.0,5.0,5.0,5.0,3.0,5.0,4.0,3.0,3.0,5.0,5.0,4.0,5.0,5.0,5.0
270,26562.0,A,A,A,A,A,A,A,A,A,140.0,4.0,4.0,2.0,1,101,3.0,4.0,2.0,3.0,3.0,2.0,4.0,4.0,2.0,3.0,3.0,4.0,2.0,4.0,4.0,3.0,2.0,4.0,2.0,4.0
271,26569.0,A,A,A,A,A,A,A,A,A,165.0,4.0,4.0,?,0,0,?,?,?,?,?,?,?,?,?,?,?,?,?,?,?,?,?,?,?,?
272,26571.0,A,A,A,A,A,B,A,A,A,181.0,4.0,4.0,1.0,2,111,3.0,5.0,3.0,4.0,4.0,2.0,2.0,4.0,1.0,1.0,3.0,1.0,2.0,3.0,5.0,5.0,5.0,3.0,4.0,3.0
273,26604.0,A,A,A,S,F,B,A,A,B,?,?,?,?,0,0,?,?,?,?,?,?,?,?,?,?,?,?,?,?,?,?,?,?,?,?
274,26610.0,C,A,A,S,S,A,A,A,A,?,?,?,?,0,0,?,?,?,?,?,?,?,?,?,?,?,?,?,?,?,?,?,?,?,?
275,26611.0,A,A,A,A,A,A,A,A,A,152.0,4.0,3.0,2.0,4,0,5.0,5.0,3.0,3.0,4.0,2.0,3.0,5.0,5.0,5.0,5.0,2.0,4.0,4.0,3.0,5.0,4.0,4.0,4.0,5.0
276,26615.0,A,A,A,A,A,A,A,S,A,175.0,4.0,3.0,1.0,3,011,3.0,4.0,2.0,1.0,5.0,2.0,1.0,5.0,2.0,1.0,4.0,2.0,1.0,3.0,4.0,3.0,3.0,3.0,2.0,3.0
277,26624.0,A,C,A,A,A,C,B,A,B,165.0,?,?,1.0,1,0,4.0,4.0,4.0,3.0,2.0,1.0,4.0,1.0,4.0,4.0,3.0,3.0,4.0,3.0,6.0,5.0,5.0,4.0,4.0,3.0
278,26626.0,C,A,A,C,C,A,B,A,B,157.0,4.0,3.0,2.0,1,111,3.0,5.0,5.0,3.0,5.0,3.0,5.0,3.0,3.0,1.0,5.0,1.0,3.0,3.0,5.0,3.0,5.0,1.0,1.0,5.0
279,26631.0,A,A,B,A,A,A,A,B,A,?,?,?,?,1,001,?,?,?,?,?,?,?,?,?,?,?,?,?,?,?,?,?,?,?,?
280,26635.0,B,A,A,B,B,A,S,B,A,?,?,?,?,6,001,?,?,?,?,?,?,?,?,?,?,?,?,?,?,?,?,?,?,?,?
281,26644.0,C,B,A,C,F,C,C,S,A,88.0,?,?,2.0,1,0,3.0,4.0,2.0,2.0,4.0,2.0,2.0,2.0,4.0,2.0,3.0,3.0,4.0,?,?,?,4.0,3.0,2.0,3.0
282,26647.0,S,A,B,S,S,C,F,A,A,129.0,2.0,2.0,2.0,1,111,3.0,3.0,1.0,2.0,4.0,3.0,2.0,3.0,3.0,2.0,4.0,2.0,3.0,2.0,4.0,4.0,2.0,4.0,2.0,2.0
283,26656.0,A,A,B,B,F,A,C,A,A,174.0,4.0,4.0,2.0,3,0,?,?,?,?,?,?,?,?,?,?,?,?,?,?,?,?,?,?,?,?
284,26660.0,A,B,A,A,A,A,A,B,A,159.0,3.0,3.0,1.0,1,0,3.0,2.0,3.0,1.0,3.0,3.0,5.0,3.0,3.0,2.0,5.0,3.0,4.0,4.0,3.0,3.0,5.0,4.0,3.0,4.0
285,26665.0,A,S,A,A,A,A,B,C,A,157.0,4.0,4.0,1.0,1,0,6.0,6.0,1.0,5.0,3.0,1.0,1.0,3.0,1.0,1.0,5.0,6.0,1.0,3.0,6.0,3.0,1.0,1.0,6.0,5.0
286,26670.0,A,F,A,A,A,A,F,C,A,159.0,3.0,4.0,1.0,4,111,?,?,?,?,?,?,?,?,?,?,?,?,?,?,?,?,?,?,?,?
287,26672.0,A,A,S,A,A,A,A,A,C,?,?,?,?,3,0,?,?,?,?,?,?,?,?,?,?,?,?,?,?,?,?,?,?,?,?
288,26676.0,A,A,C,A,A,A,A,A,A,162.0,4.0,4.0,2.0,0,0,6.0,5.0,4.0,2.0,3.0,3.0,4.0,1.0,2.0,3.0,3.0,2.0,5.0,4.0,6.0,3.0,5.0,5.0,1.0,4.0
289,26683.0,A,C,A,A,A,S,S,A,A,144.0,4.0,4.0,1.0,1,100,3.0,5.0,5.0,3.0,5.0,3.0,5.0,5.0,5.0,4.0,5.0,1.0,5.0,4.0,5.0,5.0,5.0,1.0,4.0,5.0
290,26685.0,A,A,B,S,S,A,A,S,B,154.0,4.0,4.0,1.0,7,0,4.0,5.0,4.0,3.0,4.0,3.0,4.0,5.0,2.0,4.0,4.0,1.0,4.0,2.0,4.0,4.0,5.0,3.0,2.0,3.0
291,26691.0,C,A,C,B,C,C,A,B,A,140.0,2.0,3.0,2.0,4,001,3.0,3.0,1.0,2.0,4.0,3.0,1.0,3.0,4.0,6.0,5.0,1.0,2.0,3.0,4.0,6.0,5.0,4.0,4.0,6.0
292,26695.0,B,A,B,B,C,S,C,C,A,152.0,4.0,4.0,1.0,0,0,3.0,3.0,6.0,6.0,4.0,6.0,6.0,3.0,1.0,1.0,5.0,3.0,2.0,3.0,3.0,4.0,3.0,2.0,4.0,3.0
293,26698.0,A,A,A,C,S,C,A,B,A,120.0,2.0,4.0,1.0,4,111,3.0,4.0,4.0,6.0,4.0,3.0,3.0,2.0,3.0,6.0,4.0,3.0,2.0,4.0,4.0,3.0,4.0,3.0,3.0,4.0
294,26706.0,F,C,A,S,F,A,F,B,A,120.0,3.0,3.0,2.0,1,0,3.0,4.0,1.0,1.0,3.0,4.0,2.0,2.0,4.0,3.0,4.0,2.0,4.0,4.0,4.0,2.0,4.0,4.0,2.0,4.0
295,26708.0,C,B,A,A,C,A,S,A,S,176.0,4.0,3.0,2.0,0,0,4.0,5.0,3.0,3.0,3.0,3.0,4.0,4.0,5.0,3.0,4.0,2.0,3.0,4.0,4.0,3.0,3.0,3.0,2.0,4.0
296,26729.0,A,B,C,A,A,A,C,A,A,?,?,?,?,1,111,?,?,?,?,?,?,?,?,?,?,?,?,?,?,?,?,?,?,?,?
297,26742.0,A,A,C,A,A,S,A,A,S,157.0,4.0,4.0,0.0,0,0,6.0,4.0,6.0,2.0,3.0,6.0,1.0,6.0,2.0,6.0,2.0,6.0,4.0,6.0,6.0,3.0,4.0,6.0,6.0,3.0
298,26747.0,A,F,B,F,F,S,A,S,B,173.0,3.0,3.0,2.0,1,100,3.0,3.0,4.0,3.0,4.0,1.0,4.0,4.0,1.0,1.0,5.0,2.0,1.0,1.0,5.0,2.0,3.0,1.0,5.0,5.0
299,26749.0,A,B,B,C,F,C,F,A,A,?,?,?,?,2,011,?,?,?,?,?,?,?,?,?,?,?,?,?,?,?,?,?,?,?,?
300,26772.0,F,A,F,F,S,A,B,S,S,?,?,?,?,2,001,?,?,?,?,?,?,?,?,?,?,?,?,?,?,?,?,?,?,?,?
301,26781.0,S,A,S,A,B,B,F,C,A,142.0,3.0,3.0,1.0,1,0,?,?,?,?,?,?,?,?,?,?,?,?,?,?,?,?,?,?,?,?
302,26784.0,B,A,A,C,S,F,C,A,A,143.0,3.0,3.0,1.0,0,0,?,?,?,?,?,?,?,?,?,?,?,?,?,?,?,?,?,?,?,?
303,26785.0,B,A,A,F,F,A,A,C,A,?,?,?,?,0,0,?,?,?,?,?,?,?,?,?,?,?,?,?,?,?,?,?,?,?,?
304,26804.0,A,F,A,A,A,A,F,A,A,165.0,?,3.0,2.0,3,011,2.0,3.0,3.0,6.0,3.0,1.0,3.0,4.0,3.0,1.0,4.0,3.0,2.0,1.0,4.0,6.0,4.0,3.0,3.0,6.0
305,26805.0,B,B,A,A,A,A,A,A,A,143.0,3.0,3.0,2.0,1,0,3.0,4.0,2.0,2.0,4.0,2.0,2.0,2.0,4.0,2.0,4.0,3.0,4.0,2.0,4.0,2.0,4.0,4.0,2.0,4.0
306,28463.0,F,S,F,A,C,A,A,A,A,188.0,3.0,4.0,2.0,6,111,3.0,4.0,4.0,2.0,5.0,3.0,4.0,4.0,2.0,2.0,5.0,3.0,2.0,3.0,5.0,4.0,3.0,1.0,3.0,4.0
307,28471.0,A,A,S,A,A,A,B,A,A,185.0,3.0,4.0,2.0,3,011,4.0,3.0,4.0,1.0,1.0,3.0,4.0,3.0,4.0,5.0,3.0,1.0,4.0,5.0,4.0,5.0,5.0,3.0,3.0,5.0
308,28477.0,A,C,B,A,A,A,A,A,A,184.0,3.0,3.0,2.0,5,0,3.0,4.0,3.0,2.0,4.0,5.0,5.0,1.0,5.0,3.0,4.0,1.0,4.0,5.0,5.0,5.0,5.0,5.0,3.0,4.0
309,28484.0,A,S,C,A,A,A,A,A,A,183.0,2.0,2.0,2.0,3,001,5.0,5.0,1.0,3.0,3.0,4.0,5.0,3.0,3.0,3.0,3.0,2.0,3.0,5.0,4.0,5.0,5.0,5.0,1.0,5.0
310,28491.0,A,S,A,A,B,A,F,A,A,183.0,3.0,4.0,1.0,4,111,4.0,4.0,3.0,4.0,5.0,6.0,4.0,3.0,5.0,6.0,4.0,4.0,6.0,3.0,5.0,4.0,5.0,5.0,3.0,4.0
311,24898.0,A,A,S,A,A,B,A,A,A,182.0,2.0,2.0,1.0,3,0,?,?,?,?,?,?,?,?,?,?,?,?,?,?,?,?,?,?,?,?
312,28505.0,A,A,F,S,B,A,A,B,A,182.0,4.0,3.0,?,0,0,4.0,3.0,4.0,3.0,3.0,3.0,3.0,1.0,3.0,5.0,4.0,1.0,3.0,3.0,5.0,5.0,5.0,5.0,2.0,4.0
